"variance","skewness","curtosis","entropy","class","dataset_name","altered_attribute","noise_level"
3.6216,9.46,-2.8073,-0.44699,"0","banknote","skewness",0.8
4.5459,4.83,-2.4586,-1.4621,"0","banknote","skewness",0.8
3.866,-3.49,1.9242,0.10645,"0","banknote","skewness",0.8
3.4566,3.45,-4.0112,-3.5944,"0","banknote","skewness",0.8
0.32924,1.04,4.5718,-0.9888,"0","banknote","skewness",0.8
4.3684,11.25,-3.9606,-3.1625,"0","banknote","skewness",0.8
3.5912,2.53,0.72888,0.56421,"0","banknote","skewness",0.8
2.0922,-12.64,8.4636,-0.60216,"0","banknote","skewness",0.8
3.2032,-0.41,-0.75345,-0.61251,"0","banknote","skewness",0.8
1.5356,8.2,-2.2718,-0.73535,"0","banknote","skewness",0.8
1.2247,14.42,-2.2135,-0.80647,"0","banknote","skewness",0.8
3.9899,-1.02,2.3946,0.86291,"0","banknote","skewness",0.8
1.8993,8.72,0.15394,-3.1108,"0","banknote","skewness",0.8
-1.5768,10.87,2.5462,-2.9362,"0","banknote","skewness",0.8
3.404,8.26,-2.9915,-0.57242,"0","banknote","skewness",0.8
4.6765,-3.98,3.4896,1.4771,"0","banknote","skewness",0.8
2.6719,6.43,0.37158,0.58619,"0","banknote","skewness",0.8
0.80355,9.55,4.3439,0.6017,"0","banknote","skewness",0.8
1.4479,-1.72,8.3428,-2.1086,"0","banknote","skewness",0.8
5.2423,11.91,-4.353,-4.1013,"0","banknote","skewness",0.8
5.7867,10.1,-2.6196,-0.48708,"0","banknote","skewness",0.8
0.3292,-7.41,4.5718,-0.9888,"0","banknote","skewness",0.8
3.9362,13.52,-3.8235,-4.0172,"0","banknote","skewness",0.8
0.93584,1.23,-1.6831,-1.6599,"0","banknote","skewness",0.8
4.4338,9.23,-4.6795,-3.7483,"0","banknote","skewness",0.8
0.7057,-5.63,8.3368,-2.8715,"0","banknote","skewness",0.8
1.1432,-6.71,5.5777,-0.63578,"0","banknote","skewness",0.8
-0.38214,9.63,2.1624,-3.7405,"0","banknote","skewness",0.8
6.5633,10.35,-4.4113,-3.2258,"0","banknote","skewness",0.8
4.8906,-2.52,3.4202,1.0905,"0","banknote","skewness",0.8
-0.24811,-1.12,4.9068,0.15429,"0","banknote","skewness",0.8
1.4884,-3.2,3.308,0.48921,"0","banknote","skewness",0.8
4.2969,3.6,-2.3874,-0.96164,"0","banknote","skewness",0.8
-0.96511,7.86,1.7305,-4.8629,"0","banknote","skewness",0.8
-1.6162,1.81,8.1628,0.60817,"0","banknote","skewness",0.8
2.4391,4.72,-0.80743,-0.69139,"0","banknote","skewness",0.8
2.6881,8.66,-0.46641,-0.69268,"0","banknote","skewness",0.8
3.6289,-2.38,1.6277,0.77627,"0","banknote","skewness",0.8
4.5679,3.04,-2.1055,0.29653,"0","banknote","skewness",0.8
3.4805,7.59,-3.7541,-3.4379,"0","banknote","skewness",0.8
4.1711,13.12,-3.0224,-0.59699,"0","banknote","skewness",0.8
-0.2062,10.13,-3.7044,-6.8103,"0","banknote","skewness",0.8
-0.00689189999999999,15.28,-0.41243,-1.9638,"0","banknote","skewness",0.8
0.96441,9.95,2.3235,0.066365,"0","banknote","skewness",0.8
2.8561,0.81,-0.79372,0.48403,"0","banknote","skewness",0.8
-0.7869,-0.35,-3.7867,-7.5034,"0","banknote","skewness",0.8
2.0843,8.42,0.48382,-2.2134,"0","banknote","skewness",0.8
-0.7869,9.99,-3.7867,-7.5034,"0","banknote","skewness",0.8
3.9102,3.52,-2.4534,-0.68234,"0","banknote","skewness",0.8
1.6349,3.78,2.8753,0.087054,"0","banknote","skewness",0.8
4.3239,-1.38,3.4356,-0.5776,"0","banknote","skewness",0.8
5.262,-4.32,-1.5572,1.0103,"0","banknote","skewness",0.8
3.1452,3.98,-0.51439,-1.4944,"0","banknote","skewness",0.8
2.549,10.26,-1.1605,-1.2371,"0","banknote","skewness",0.8
4.9264,8.38,-2.4774,-0.50648,"0","banknote","skewness",0.8
4.8265,-6.39,1.6371,1.1875,"0","banknote","skewness",0.8
2.5635,11.53,-0.61979,0.38576,"0","banknote","skewness",0.8
5.807,8.34,-2.2384,0.43878,"0","banknote","skewness",0.8
3.1377,-2.25,4.5701,0.98963,"0","banknote","skewness",0.8
-0.78289,4.19,-0.37644,-7.0495,"0","banknote","skewness",0.8
2.888,5.28,4.5907,-0.24398,"0","banknote","skewness",0.8
0.49665,10.83,1.7785,-0.47156,"0","banknote","skewness",0.8
4.2586,8.32,-4.0943,-4.3457,"0","banknote","skewness",0.8
1.7939,-8.02,1.5454,-0.26079,"0","banknote","skewness",0.8
5.4021,3.46,-1.1536,1.5651,"0","banknote","skewness",0.8
2.5367,3.63,2.0938,0.20085,"0","banknote","skewness",0.8
4.6054,-6.53,2.7587,0.31981,"0","banknote","skewness",0.8
2.4235,16.5,-3.0789,-2.7746,"0","banknote","skewness",0.8
1.0009,0.21,-0.28219,-2.6608,"0","banknote","skewness",0.8
0.12326,4.86,-0.9351,-2.4332,"0","banknote","skewness",0.8
3.9529,-1.85,2.3792,0.48274,"0","banknote","skewness",0.8
4.1373,5.07,1.093,1.8276,"0","banknote","skewness",0.8
4.7181,18.27,-3.9486,-3.8582,"0","banknote","skewness",0.8
4.1654,-4.02,3.643,1.0879,"0","banknote","skewness",0.8
4.4069,9.7,-4.5775,-4.4271,"0","banknote","skewness",0.8
2.3066,-5.56,0.57551,0.41938,"0","banknote","skewness",0.8
3.7935,2.08,-2.5477,-1.872,"0","banknote","skewness",0.8
0.049175,3.75,1.7828,-0.72113,"0","banknote","skewness",0.8
0.24835,2.17,0.9885,-0.87371,"0","banknote","skewness",0.8
1.1317,2.9,3.3979,0.84351,"0","banknote","skewness",0.8
2.8033,13.14,-3.3668,-1.0224,"0","banknote","skewness",0.8
4.4682,2.19,0.95766,0.83058,"0","banknote","skewness",0.8
5.0185,11.43,-2.9375,-1.281,"0","banknote","skewness",0.8
1.8664,7.63,-0.23849,-2.9634,"0","banknote","skewness",0.8
3.245,6.68,-0.63435,0.86937,"0","banknote","skewness",0.8
4.0296,9.02,0.80685,0.71679,"0","banknote","skewness",0.8
-1.1313,6.52,7.5339,1.022,"0","banknote","skewness",0.8
0.87603,10.8,0.84198,-0.17156,"0","banknote","skewness",0.8
4.1197,-9.36,2.0707,0.67412,"0","banknote","skewness",0.8
3.8027,-5.99,2.1041,1.0245,"0","banknote","skewness",0.8
1.4806,14.61,-2.7876,-1.0341,"0","banknote","skewness",0.8
4.0632,-0.3,0.72545,0.39481,"0","banknote","skewness",0.8
4.3064,17.34,-2.7824,-1.4336,"0","banknote","skewness",0.8
2.4486,-3.39,7.9632,0.20602,"0","banknote","skewness",0.8
3.2718,-0.06,2.1161,0.61334,"0","banknote","skewness",0.8
-0.64472,-9.99,8.347,-2.7099,"0","banknote","skewness",0.8
2.9543,5.6,0.64577,0.89394,"0","banknote","skewness",0.8
2.1616,-9.98,8.1517,-0.081048,"0","banknote","skewness",0.8
3.82,11.7,-4.0112,-5.0284,"0","banknote","skewness",0.8
-2.7419,15.97,2.5394,-5.5793,"0","banknote","skewness",0.8
3.3669,-12.51,3.6935,-1.1427,"0","banknote","skewness",0.8
4.5597,-5.09,2.6413,1.6168,"0","banknote","skewness",0.8
5.1129,0.78,0.62863,1.1189,"0","banknote","skewness",0.8
3.3397,4.95,3.9823,-0.23751,"0","banknote","skewness",0.8
4.2027,4.66,0.96108,0.97282,"0","banknote","skewness",0.8
3.5438,0.71,1.997,2.1547,"0","banknote","skewness",0.8
2.3136,9.78,-3.5288,-4.7672,"0","banknote","skewness",0.8
-1.8584,8.25,-1.6643,-1.8384,"0","banknote","skewness",0.8
3.106,12.55,-4.2536,-4.003,"0","banknote","skewness",0.8
2.9163,14.53,-3.3437,-4.122,"0","banknote","skewness",0.8
3.9922,-5.42,3.7304,-0.1095,"0","banknote","skewness",0.8
1.518,11.34,0.094818,-0.026738,"0","banknote","skewness",0.8
3.2351,9.48,-3.2074,-2.5948,"0","banknote","skewness",0.8
4.2188,0.06,-1.2804,0.76076,"0","banknote","skewness",0.8
1.7819,10.99,-1.2744,-1.5759,"0","banknote","skewness",0.8
2.5331,-0.28,-0.822,-0.12243,"0","banknote","skewness",0.8
3.8969,20.19,-1.8245,0.14007,"0","banknote","skewness",0.8
2.108,13.14,-0.1708,0.4905,"0","banknote","skewness",0.8
2.8969,-0.68,2.29,1.8663,"0","banknote","skewness",0.8
0.9297,-7.41,4.6429,-0.2957,"0","banknote","skewness",0.8
3.4642,6.95,-3.4071,-4.109,"0","banknote","skewness",0.8
4.0713,11.56,-4.1722,-4.7582,"0","banknote","skewness",0.8
-1.4572,23,1.7425,-5.1241,"0","banknote","skewness",0.8
-1.5075,4.06,7.1466,0.89136,"0","banknote","skewness",0.8
-0.91718,10.76,1.1804,-5.2263,"0","banknote","skewness",0.8
2.994,10.86,-1.2153,0.3211,"0","banknote","skewness",0.8
-2.343,10.01,3.3285,-5.9426,"0","banknote","skewness",0.8
3.7818,-2.26,2.2558,-0.15734,"0","banknote","skewness",0.8
4.6689,5.49,0.055404,1.909,"0","banknote","skewness",0.8
3.4663,1.76,1.7425,1.3388,"0","banknote","skewness",0.8
3.2697,-9.28,3.6884,-0.29829,"0","banknote","skewness",0.8
5.1302,11.08,-2.8913,-1.5086,"0","banknote","skewness",0.8
2.0139,2,0.37929,0.56938,"0","banknote","skewness",0.8
0.4339,10.83,2.033,-0.40432,"0","banknote","skewness",0.8
-1.0401,15.46,0.85998,-5.3336,"0","banknote","skewness",0.8
4.1605,14.54,-3.6136,-4.0819,"0","banknote","skewness",0.8
5.438,12.5,-4.9417,-3.9202,"0","banknote","skewness",0.8
5.032,4.58,-2.6256,-1.0341,"0","banknote","skewness",0.8
5.2418,5.84,-4.1174,-4.2797,"0","banknote","skewness",0.8
-0.2062,5.18,-3.7044,-6.8103,"0","banknote","skewness",0.8
2.0911,5.89,4.5512,1.234,"0","banknote","skewness",0.8
1.7317,-0.5,4.1905,-0.99138,"0","banknote","skewness",0.8
4.1736,-7.87,-1.4244,0.60429,"0","banknote","skewness",0.8
3.9232,-7.05,3.4579,0.83705,"0","banknote","skewness",0.8
3.8481,11.83,-3.8561,-4.2228,"0","banknote","skewness",0.8
0.5195,-11.94,3.0895,-0.9849,"0","banknote","skewness",0.8
3.8584,4.99,1.1033,1.7008,"0","banknote","skewness",0.8
1.7496,2.17,5.1827,1.2922,"0","banknote","skewness",0.8
3.6277,7.54,0.68861,0.63403,"0","banknote","skewness",0.8
2.7391,10.43,0.071684,-2.5302,"0","banknote","skewness",0.8
4.5447,13.79,-2.4166,-1.5875,"0","banknote","skewness",0.8
-1.7599,11.3,2.6756,-3.3241,"0","banknote","skewness",0.8
5.0691,4.93,0.20278,1.2095,"0","banknote","skewness",0.8
3.4591,10.24,-4.2039,-5.0931,"0","banknote","skewness",0.8
1.9358,9.53,-0.023425,-2.2586,"0","banknote","skewness",0.8
2.486,-9.31,5.3404,-0.15475,"0","banknote","skewness",0.8
2.4226,-4.65,5.947,0.21507,"0","banknote","skewness",0.8
3.9479,-4.4,2.883,0.019813,"0","banknote","skewness",0.8
2.2634,-2.13,3.6558,-0.61251,"0","banknote","skewness",0.8
1.3566,5.12,2.1341,0.3211,"0","banknote","skewness",0.8
5.0452,9.87,-1.4304,0.86291,"0","banknote","skewness",0.8
3.5499,17.82,-3.2794,-1.2009,"0","banknote","skewness",0.8
0.17346,10.07,0.26876,-3.7883,"0","banknote","skewness",0.8
2.4008,3.93,-3.3565,-3.3526,"0","banknote","skewness",0.8
4.8851,-1.02,-0.00029081,1.6401,"0","banknote","skewness",0.8
4.1927,-9.8,2.5839,0.21766,"0","banknote","skewness",0.8
1.1166,11.79,-0.96252,-1.8112,"0","banknote","skewness",0.8
1.0235,7.05,-2.0062,-2.7125,"0","banknote","skewness",0.8
-1.803,7.86,2.0458,-5.2728,"0","banknote","skewness",0.8
0.11739,4.17,-1.5495,-2.4746,"0","banknote","skewness",0.8
0.5706,2.5,1.2421,-0.5621,"0","banknote","skewness",0.8
4.0552,-8.16,2.2806,1.0323,"0","banknote","skewness",0.8
-1.6952,6.12,8.8294,0.94955,"0","banknote","skewness",0.8
-1.1193,11.68,2.0938,-5.6504,"0","banknote","skewness",0.8
1.8799,0.79,2.4931,0.37671,"0","banknote","skewness",0.8
3.583,-7.32,3.4391,-0.12501,"0","banknote","skewness",0.8
0.19081,5.48,-3.725,-5.8224,"0","banknote","skewness",0.8
3.6582,2.81,-1.7157,-0.23751,"0","banknote","skewness",0.8
-0.13144,6.51,8.3316,0.35214,"0","banknote","skewness",0.8
2.3925,9.81,-3.0361,-2.8224,"0","banknote","skewness",0.8
1.6426,-2.2,0.22849,-0.147,"0","banknote","skewness",0.8
-0.11783,-8.49,8.03,-0.028031,"0","banknote","skewness",0.8
-0.69572,11.3,1.8419,-4.3289,"0","banknote","skewness",0.8
2.9421,7.06,-0.97709,-0.88406,"0","banknote","skewness",0.8
-1.7559,14.83,3.0946,-4.8978,"0","banknote","skewness",0.8
-1.2537,14.39,1.931,-4.3237,"0","banknote","skewness",0.8
3.2585,-2.8,3.8024,-0.15087,"0","banknote","skewness",0.8
1.8314,10.25,-0.036278,0.049554,"0","banknote","skewness",0.8
4.5645,-2.4,2.8684,0.27714,"0","banknote","skewness",0.8
2.7365,-2.96,6.6608,-0.57889,"0","banknote","skewness",0.8
0.9297,-1.78,4.6429,-0.2957,"0","banknote","skewness",0.8
3.9663,10.31,-4.1131,-4.6056,"0","banknote","skewness",0.8
1.4578,2.79,4.1785,0.59136,"0","banknote","skewness",0.8
4.8272,7.76,0.68604,0.80731,"0","banknote","skewness",0.8
-2.341,19.55,0.70403,-7.5836,"0","banknote","skewness",0.8
-1.8584,9.61,-1.6643,-1.8384,"0","banknote","skewness",0.8
4.1454,2.9,-1.9153,-0.86078,"0","banknote","skewness",0.8
1.9157,8.45,0.23705,-2.0116,"0","banknote","skewness",0.8
4.0215,-3.59,2.4648,1.1409,"0","banknote","skewness",0.8
5.8862,9.78,-2.8167,-0.30087,"0","banknote","skewness",0.8
-2.0897,12.2,2.3603,-3.4198,"0","banknote","skewness",0.8
4.0026,4.84,3.5573,0.26809,"0","banknote","skewness",0.8
-0.78689,16.12,-3.7867,-7.5034,"0","banknote","skewness",0.8
4.1757,14,-3.8552,-4.3056,"0","banknote","skewness",0.8
0.83292,2.14,0.65005,-0.92544,"0","banknote","skewness",0.8
4.8077,-2.09,-0.26334,1.5534,"0","banknote","skewness",0.8
5.3063,6.13,-2.8904,-0.52716,"0","banknote","skewness",0.8
2.5605,9.24,-3.5913,-1.356,"0","banknote","skewness",0.8
2.1059,6.71,-0.47755,-1.8461,"0","banknote","skewness",0.8
2.1721,0.32,5.4672,-0.72371,"0","banknote","skewness",0.8
4.2899,14.33,-4.6067,-4.3263,"0","banknote","skewness",0.8
3.5156,10.88,-4.2759,-4.978,"0","banknote","skewness",0.8
2.614,9.58,-3.7258,-1.3069,"0","banknote","skewness",0.8
0.68087,-3.11,4.9085,0.54998,"0","banknote","skewness",0.8
4.1962,-4.23,0.83256,0.753,"0","banknote","skewness",0.8
6.0919,-3.39,-1.3267,1.4551,"0","banknote","skewness",0.8
1.3234,3.12,0.2362,-0.11984,"0","banknote","skewness",0.8
1.3264,7.3,5.6566,-0.41337,"0","banknote","skewness",0.8
-0.16735,5.2,1.2061,-3.6241,"0","banknote","skewness",0.8
-1.3,10.95,-2.953,-5.8638,"0","banknote","skewness",0.8
-2.2261,13.46,2.9438,-3.5258,"0","banknote","skewness",0.8
2.4196,10.82,-0.75688,0.228,"0","banknote","skewness",0.8
1.0987,5,5.989,-0.58277,"0","banknote","skewness",0.8
4.6464,4.31,-4.5852,-4.206,"0","banknote","skewness",0.8
-0.36038,6.71,3.1143,-0.37199,"0","banknote","skewness",0.8
1.3562,5.66,4.3465,0.78662,"0","banknote","skewness",0.8
0.5706,-4.32,1.2421,-0.5621,"0","banknote","skewness",0.8
-2.6479,7.31,-1.331,-5.4707,"0","banknote","skewness",0.8
3.1219,-0.26,1.9259,-0.37458,"0","banknote","skewness",0.8
5.4944,-0.26,0.041694,1.9284,"0","banknote","skewness",0.8
-1.3389,-12.02,7.0806,1.031,"0","banknote","skewness",0.8
-2.3361,9.06,3.0835,-5.4435,"0","banknote","skewness",0.8
2.2596,4.12,4.7355,-0.2776,"0","banknote","skewness",0.8
0.46901,-2.33,7.3848,0.36507,"0","banknote","skewness",0.8
2.7296,2.48,0.51124,0.5099,"0","banknote","skewness",0.8
2.0466,0.02,2.1761,-0.083634,"0","banknote","skewness",0.8
-1.3274,8.5,2.4408,-5.2689,"0","banknote","skewness",0.8
3.8905,-6.74,2.6302,1.1047,"0","banknote","skewness",0.8
3.9994,7.88,1.1693,1.6892,"0","banknote","skewness",0.8
2.3952,12.47,-3.1783,-3.0086,"0","banknote","skewness",0.8
3.2704,8.65,-1.0456,0.23447,"0","banknote","skewness",0.8
-1.3931,-3.34,7.5382,0.78403,"0","banknote","skewness",0.8
1.6406,5.55,1.3964,-0.36424,"0","banknote","skewness",0.8
2.7744,-2.37,-1.0671,0.075416,"0","banknote","skewness",0.8
2.4287,20.51,-3.2477,-1.4543,"0","banknote","skewness",0.8
4.2134,-7.45,2.0116,0.67412,"0","banknote","skewness",0.8
1.6472,2.88,4.7449,1.225,"0","banknote","skewness",0.8
2.0597,-0.14,5.2119,-0.29312,"0","banknote","skewness",0.8
0.3798,6.43,0.7572,-0.4444,"0","banknote","skewness",0.8
1.0135,6.36,-1.672,-2.0815,"0","banknote","skewness",0.8
4.5691,-11.25,3.1769,0.0042961,"0","banknote","skewness",0.8
0.57461,18.68,-1.6917,-4.3922,"0","banknote","skewness",0.8
0.5734,12.77,-0.9094,-1.872,"0","banknote","skewness",0.8
5.2868,-0.91,-1.3721,1.1668,"0","banknote","skewness",0.8
4.0102,13.31,-4.1388,-5.0646,"0","banknote","skewness",0.8
4.1425,-6.69,3.8281,1.6297,"0","banknote","skewness",0.8
3.0934,2.16,2.2232,0.22283,"0","banknote","skewness",0.8
2.2034,3.68,0.53009,0.84998,"0","banknote","skewness",0.8
3.744,-3.89,0.95851,1.0077,"0","banknote","skewness",0.8
3.0329,6.15,2.1135,0.35084,"0","banknote","skewness",0.8
3.7731,4.62,-1.6814,-0.94742,"0","banknote","skewness",0.8
3.1557,8.2,0.59693,0.79825,"0","banknote","skewness",0.8
1.8114,9.71,-0.9788,-2.4668,"0","banknote","skewness",0.8
4.988,12.69,-3.2846,-1.1608,"0","banknote","skewness",0.8
2.483,5.72,-0.79287,-0.90863,"0","banknote","skewness",0.8
1.594,0.21,1.3758,0.081882,"0","banknote","skewness",0.8
-0.016103,6.41,0.15394,-1.6134,"0","banknote","skewness",0.8
3.8496,7.25,-4.1508,-4.4582,"0","banknote","skewness",0.8
0.9297,-13.12,4.6429,-0.2957,"0","banknote","skewness",0.8
4.9342,0.34,-0.17594,1.6245,"0","banknote","skewness",0.8
3.8417,9.57,-4.2699,-4.9159,"0","banknote","skewness",0.8
5.3915,10.88,-3.8081,-3.3642,"0","banknote","skewness",0.8
4.4072,-1.92,2.0416,1.1319,"0","banknote","skewness",0.8
2.6946,7.13,-0.40301,0.44912,"0","banknote","skewness",0.8
5.2756,-2.15,0.12138,1.1435,"0","banknote","skewness",0.8
3.4312,12.44,-1.9513,-0.36165,"0","banknote","skewness",0.8
4.052,6.67,0.45383,0.51248,"0","banknote","skewness",0.8
1.3638,-8.96,8.4182,-1.8836,"0","banknote","skewness",0.8
0.89566,4.38,-2.7473,-1.9353,"0","banknote","skewness",0.8
1.9265,9.47,-0.16823,-3.0771,"0","banknote","skewness",0.8
0.20977,0.97,7.7267,0.90946,"0","banknote","skewness",0.8
4.068,-3.76,2.1992,0.50084,"0","banknote","skewness",0.8
2.877,-0.47,3.6259,-0.32544,"0","banknote","skewness",0.8
0.3223,1.96,8.0883,0.69222,"0","banknote","skewness",0.8
-1.3,6.25,-2.953,-5.8638,"0","banknote","skewness",0.8
1.7747,-3.72,8.15,-0.89828,"0","banknote","skewness",0.8
1.3419,-6.56,8.09,-1.7349,"0","banknote","skewness",0.8
0.89606,16.3,-1.4175,-4.0327,"0","banknote","skewness",0.8
0.44125,-9.81,4.3225,0.7155,"0","banknote","skewness",0.8
3.2422,1.55,0.12224,-1.4466,"0","banknote","skewness",0.8
2.5678,4.64,0.61406,-0.40691,"0","banknote","skewness",0.8
-2.2153,4.47,0.078538,-7.7853,"0","banknote","skewness",0.8
4.1349,1.82,-2.4294,-0.19613,"0","banknote","skewness",0.8
1.934,6.29,4.816,-0.33967,"0","banknote","skewness",0.8
2.5068,2.19,3.9249,0.12585,"0","banknote","skewness",0.8
2.1464,-1,-0.5778,-2.2302,"0","banknote","skewness",0.8
0.051979,15.73,-2.0541,-3.1508,"0","banknote","skewness",0.8
1.2706,12.48,-0.19651,-2.1888,"0","banknote","skewness",0.8
1.143,-6.49,5.4552,-0.56984,"0","banknote","skewness",0.8
2.2928,7.91,-3.2417,-1.2991,"0","banknote","skewness",0.8
0.3292,-5.39,4.5718,-0.9888,"0","banknote","skewness",0.8
2.9719,8.8,-0.2702,0.71291,"0","banknote","skewness",0.8
1.6849,12.19,-1.2641,-1.3858,"0","banknote","skewness",0.8
-1.9177,23.8,2.5454,-3.2763,"0","banknote","skewness",0.8
2.3729,3.28,-3.0087,-3.2013,"0","banknote","skewness",0.8
1.0284,8.86,-1.3687,-1.7853,"0","banknote","skewness",0.8
0.27451,9.2,-3.2863,-4.8448,"0","banknote","skewness",0.8
1.6032,-7.61,8.5193,-2.1203,"0","banknote","skewness",0.8
4.616,14.8,-4.2185,-4.4245,"0","banknote","skewness",0.8
4.2478,11.08,-2.7696,-1.0767,"0","banknote","skewness",0.8
4.0215,-4.79,2.4957,0.36636,"0","banknote","skewness",0.8
5.0297,-5.12,3.5025,-0.23751,"0","banknote","skewness",0.8
1.5902,0.69,3.2403,0.18404,"0","banknote","skewness",0.8
2.1274,-2.55,-1.7971,-1.1763,"0","banknote","skewness",0.8
1.1811,11.54,-2.0567,-0.90345,"0","banknote","skewness",0.8
0.3292,-1.64,4.5718,-0.9888,"0","banknote","skewness",0.8
5.7353,7.52,-2.2598,0.075416,"0","banknote","skewness",0.8
2.6718,6.45,0.72974,-1.4892,"0","banknote","skewness",0.8
1.5799,-8.58,7.9186,-1.5487,"0","banknote","skewness",0.8
2.9499,-12.85,1.3458,-0.037083,"0","banknote","skewness",0.8
0.5195,-7.75,3.0895,-0.9849,"0","banknote","skewness",0.8
3.7352,9.12,-3.9032,-3.3487,"0","banknote","skewness",0.8
-1.7344,-2.81,7.7618,0.93532,"0","banknote","skewness",0.8
3.884,16.67,-3.9298,-4.0819,"0","banknote","skewness",0.8
3.5257,-0.08,1.9276,1.7991,"0","banknote","skewness",0.8
4.4549,2.95,1.0313,0.96894,"0","banknote","skewness",0.8
-0.16108,-3.47,8.3573,-1.5216,"0","banknote","skewness",0.8
4.2164,16.04,-4.9288,-5.2366,"0","banknote","skewness",0.8
3.5152,10.72,-0.67377,-0.46898,"0","banknote","skewness",0.8
1.6988,-11.84,2.9044,0.11033,"0","banknote","skewness",0.8
1.0607,3.87,2.5188,-0.17027,"0","banknote","skewness",0.8
2.0421,2.14,4.2171,0.90429,"0","banknote","skewness",0.8
3.5594,-0.53,1.291,1.6556,"0","banknote","skewness",0.8
3.0009,4.67,-2.2306,-0.66553,"0","banknote","skewness",0.8
3.9294,2,1.8076,0.89782,"0","banknote","skewness",0.8
3.4667,-4.25,4.2882,1.5418,"0","banknote","skewness",0.8
3.966,-1.6,0.70574,0.33662,"0","banknote","skewness",0.8
1.0191,6.16,4.9334,0.82929,"0","banknote","skewness",0.8
0.96414,8.14,2.2138,-0.12501,"0","banknote","skewness",0.8
1.8205,1.2,0.0099913,0.39481,"0","banknote","skewness",0.8
4.9923,7.71,-2.3515,-0.71984,"0","banknote","skewness",0.8
-1.1804,12.35,0.15565,-6.8194,"0","banknote","skewness",0.8
4.0329,-5.35,0.89082,1.1823,"0","banknote","skewness",0.8
0.66018,9.58,-1.4029,-3.9151,"0","banknote","skewness",0.8
3.5982,0.12,-1.3035,0.21248,"0","banknote","skewness",0.8
-1.8584,5.23,-1.6643,-1.8384,"0","banknote","skewness",0.8
4.0972,2.78,1.6671,0.91593,"0","banknote","skewness",0.8
3.3299,-1.2,1.5806,0.39352,"0","banknote","skewness",0.8
3.1088,6.21,0.80857,0.4336,"0","banknote","skewness",0.8
-4.2859,17.64,3.1392,-0.91639,"0","banknote","skewness",0.8
-1.2528,15.6,2.1787,-5.6038,"0","banknote","skewness",0.8
0.5195,-8.24,3.0895,-0.9849,"0","banknote","skewness",0.8
0.3292,-9.52,4.5718,-0.9888,"0","banknote","skewness",0.8
0.88872,7.85,2.045,-0.19355,"0","banknote","skewness",0.8
3.5458,15.82,-4.0351,-3.9564,"0","banknote","skewness",0.8
-0.21661,7.11,1.8848,-3.8853,"0","banknote","skewness",0.8
2.7206,17.59,-3.3111,-0.96811,"0","banknote","skewness",0.8
3.2051,11.55,-2.9033,-0.7819,"0","banknote","skewness",0.8
2.6917,-0.93,-3.3,-4.2888,"0","banknote","skewness",0.8
-2.3242,3.39,1.8231,-5.375,"0","banknote","skewness",0.8
2.7161,-1.16,4.1914,0.16981,"0","banknote","skewness",0.8
3.3848,7.31,0.90967,0.25128,"0","banknote","skewness",0.8
1.7452,12.25,2.0878,0.62627,"0","banknote","skewness",0.8
2.805,1.69,1.3424,1.2133,"0","banknote","skewness",0.8
5.7823,0.44,-2.4089,-0.056479,"0","banknote","skewness",0.8
3.8999,5.84,1.6011,0.96765,"0","banknote","skewness",0.8
3.5189,5.87,-1.7791,-0.020273,"0","banknote","skewness",0.8
3.2294,7.77,-0.37816,-2.5405,"0","banknote","skewness",0.8
3.4985,4.64,0.22677,-0.1651,"0","banknote","skewness",0.8
2.1948,0.03,1.1582,0.85774,"0","banknote","skewness",0.8
2.2526,7.73,-3.1749,-2.9944,"0","banknote","skewness",0.8
4.1529,-2.99,2.8633,-0.017686,"0","banknote","skewness",0.8
0.74307,14.1,-1.3824,-4.0728,"0","banknote","skewness",0.8
1.9105,9.26,-2.3386,-0.75604,"0","banknote","skewness",0.8
-1.5055,3.5,6.8681,-0.50648,"0","banknote","skewness",0.8
0.58836,15.29,-1.3884,-4.3276,"0","banknote","skewness",0.8
3.2303,5.56,-3.5348,-1.2151,"0","banknote","skewness",0.8
-1.9922,7.69,2.6542,-5.2107,"0","banknote","skewness",0.8
2.8523,9.62,-3.761,-3.3371,"0","banknote","skewness",0.8
4.2772,7.66,0.48554,0.36119,"0","banknote","skewness",0.8
1.5099,-2.02,6.2332,-0.30346,"0","banknote","skewness",0.8
5.4188,12.9,-4.084,-3.6991,"0","banknote","skewness",0.8
0.86202,-1.57,4.2908,0.54739,"0","banknote","skewness",0.8
3.8117,8.73,-4.0463,-4.5629,"0","banknote","skewness",0.8
0.54777,5.09,-1.5435,-4.1633,"0","banknote","skewness",0.8
2.3718,10.91,0.015989,-1.7414,"0","banknote","skewness",0.8
-2.4953,18.94,1.9353,-3.4638,"0","banknote","skewness",0.8
4.6361,-3.2,2.8358,1.1991,"0","banknote","skewness",0.8
-2.2527,1.56,2.5899,-3.2737,"0","banknote","skewness",0.8
3.7982,9.94,-4.1602,-4.9728,"0","banknote","skewness",0.8
-0.36279,10.2,-1.9213,-3.3332,"0","banknote","skewness",0.8
2.1265,8.41,0.44784,-2.2224,"0","banknote","skewness",0.8
0.86736,0.08,1.6765,-0.16769,"0","banknote","skewness",0.8
3.7831,11.13,-3.8869,-3.7366,"0","banknote","skewness",0.8
-2.2623,10.16,0.28846,-7.7581,"0","banknote","skewness",0.8
1.2616,4.82,-1.3335,-1.7517,"0","banknote","skewness",0.8
2.6799,7.31,0.34073,0.58489,"0","banknote","skewness",0.8
-0.39816,7.22,1.3912,-1.1621,"0","banknote","skewness",0.8
4.3937,4.99,2.0416,1.2004,"0","banknote","skewness",0.8
2.9695,0.53,0.27561,-1.1556,"0","banknote","skewness",0.8
1.3049,3.83,6.4911,-0.75346,"0","banknote","skewness",0.8
2.2123,-9.44,7.7687,-0.85302,"0","banknote","skewness",0.8
1.9647,1.7,0.57722,0.66377,"0","banknote","skewness",0.8
3.0864,-9.6,2.2309,0.30947,"0","banknote","skewness",0.8
0.3798,5.76,0.7572,-0.4444,"0","banknote","skewness",0.8
0.58982,10.39,1.2353,-2.9595,"0","banknote","skewness",0.8
0.14783,5.54,1.0742,-3.3409,"0","banknote","skewness",0.8
-0.062025,2.36,1.099,-1.131,"0","banknote","skewness",0.8
4.223,1.69,0.72202,0.96118,"0","banknote","skewness",0.8
0.64295,0.54,0.3493,-0.41337,"0","banknote","skewness",0.8
1.941,6.08,4.6472,1.0879,"0","banknote","skewness",0.8
4.0047,-3.66,1.3621,1.6181,"0","banknote","skewness",0.8
3.7767,11.12,-3.9075,-3.5323,"0","banknote","skewness",0.8
3.4769,-7.62,2.53,2.4495,"0","banknote","skewness",0.8
1.9818,5.94,-3.521,-1.872,"0","banknote","skewness",0.8
3.8023,-4.14,4.044,0.95343,"0","banknote","skewness",0.8
4.3483,5.83,-4.0857,-4.2539,"0","banknote","skewness",0.8
1.1518,6.95,5.2727,-0.43536,"0","banknote","skewness",0.8
-1.2576,2.95,7.0078,0.42455,"0","banknote","skewness",0.8
1.9572,-4.49,8.6127,-1.4297,"0","banknote","skewness",0.8
-2.484,6.23,2.8204,-3.7418,"0","banknote","skewness",0.8
-1.1497,9.97,7.701,0.62627,"0","banknote","skewness",0.8
4.8368,13.48,-4.3239,-4.3276,"0","banknote","skewness",0.8
-0.12196,14.76,0.94566,-4.2267,"0","banknote","skewness",0.8
1.9429,-1.95,0.092248,0.58102,"0","banknote","skewness",0.8
1.742,-7.71,8.2142,-2.0659,"0","banknote","skewness",0.8
-1.5222,13.97,2.7827,-4.0974,"0","banknote","skewness",0.8
-1.3,21.87,-2.953,-5.8638,"0","banknote","skewness",0.8
3.4246,-2.34,0.80342,0.29136,"0","banknote","skewness",0.8
2.5503,-12.92,6.3729,-0.41596,"0","banknote","skewness",0.8
1.5691,10.58,-0.1828,-2.4099,"0","banknote","skewness",0.8
1.3087,4.29,2.0013,0.22024,"0","banknote","skewness",0.8
5.1776,11.37,-3.2511,-1.5694,"0","banknote","skewness",0.8
2.229,12.64,-3.1123,-2.7164,"0","banknote","skewness",0.8
5.6272,3.19,-4.2931,-3.8142,"0","banknote","skewness",0.8
1.2138,12.43,-2.1672,-0.74182,"0","banknote","skewness",0.8
0.3798,-3.97,0.7572,-0.4444,"0","banknote","skewness",0.8
0.5415,7.41,1.6825,-0.46122,"0","banknote","skewness",0.8
4.0524,19.15,-1.9693,0.026279,"0","banknote","skewness",0.8
4.7285,2.27,-0.28305,1.5625,"0","banknote","skewness",0.8
3.4359,10.07,2.1041,1.8922,"0","banknote","skewness",0.8
0.86816,8.81,-1.4912,-4.0082,"0","banknote","skewness",0.8
3.359,11.77,-3.8209,-3.7133,"0","banknote","skewness",0.8
3.6702,7.42,0.85141,0.30688,"0","banknote","skewness",0.8
1.3349,0.54,0.46497,0.49826,"0","banknote","skewness",0.8
3.1887,-11,2.7742,-0.2026,"0","banknote","skewness",0.8
2.4527,-1.5,0.20021,-0.056479,"0","banknote","skewness",0.8
3.9121,7.88,0.92852,0.60558,"0","banknote","skewness",0.8
3.9364,16.89,-3.725,-4.3133,"0","banknote","skewness",0.8
3.9414,3.11,3.1674,1.0866,"0","banknote","skewness",0.8
3.6922,0.45,4.3439,1.3517,"0","banknote","skewness",0.8
5.681,5.6,-2.6848,-0.92544,"0","banknote","skewness",0.8
0.77124,7.04,-1.2281,-1.4996,"0","banknote","skewness",0.8
3.5761,10.06,-3.9795,-3.4638,"0","banknote","skewness",0.8
1.602,11.86,0.52924,0.47886,"0","banknote","skewness",0.8
2.6682,7.74,-3.4414,-4.0069,"0","banknote","skewness",0.8
2.0007,3.79,2.6491,0.47369,"0","banknote","skewness",0.8
0.64215,7.17,4.2933,0.64696,"0","banknote","skewness",0.8
4.3848,-15.38,3.0423,1.2741,"0","banknote","skewness",0.8
0.77445,8.97,-2.4089,-1.3884,"0","banknote","skewness",0.8
0.96574,16.77,-1.361,-1.4659,"0","banknote","skewness",0.8
3.0948,2.24,-2.9007,-0.96682,"0","banknote","skewness",0.8
4.9362,5.33,-2.3429,-0.85302,"0","banknote","skewness",0.8
-1.9458,16.21,1.9079,-3.4405,"0","banknote","skewness",0.8
5.7403,-3.17,0.38015,1.3763,"0","banknote","skewness",0.8
-2.6989,9.93,0.67661,-8.5482,"0","banknote","skewness",0.8
1.1472,3.83,1.9387,-0.43406,"0","banknote","skewness",0.8
2.9742,-1.6,-2.9024,-1.0379,"0","banknote","skewness",0.8
4.5707,9.1,-3.2794,-1.4944,"0","banknote","skewness",0.8
0.1848,17.88,2.0133,-0.87242,"0","banknote","skewness",0.8
0.87256,17.49,-0.7843,-2.1978,"0","banknote","skewness",0.8
0.39559,-0.33,1.0588,-0.67587,"0","banknote","skewness",0.8
3.8384,7.84,-2.0439,-0.033204,"0","banknote","skewness",0.8
2.8209,14.85,-0.81857,-1.8784,"0","banknote","skewness",0.8
2.5817,11.18,-3.1749,-2.9957,"0","banknote","skewness",0.8
3.8213,2.4,2.0133,2.0564,"0","banknote","skewness",0.8
0.3798,2.55,0.7572,-0.4444,"0","banknote","skewness",0.8
3.4893,5.01,-1.2042,-0.38751,"0","banknote","skewness",0.8
-1.7781,-1.42,7.1303,0.027572,"0","banknote","skewness",0.8
2.0962,7.31,1.9379,-0.040962,"0","banknote","skewness",0.8
0.94732,-1.49,7.1903,-0.67587,"0","banknote","skewness",0.8
2.8261,2.12,-3.3034,-1.0509,"0","banknote","skewness",0.8
0.00712489999999999,8.01,0.50781,-3.8155,"0","banknote","skewness",0.8
0.96788,13.5,1.2798,-2.4565,"0","banknote","skewness",0.8
4.7432,4.8,0.1368,1.6543,"0","banknote","skewness",0.8
3.6575,6.44,-2.2692,-1.144,"0","banknote","skewness",0.8
3.8832,2.22,-2.432,-0.98363,"0","banknote","skewness",0.8
3.4776,11.57,-3.1886,-0.92285,"0","banknote","skewness",0.8
1.1315,2.25,1.093,-2.8444,"0","banknote","skewness",0.8
2.8237,4.17,0.19678,0.57196,"0","banknote","skewness",0.8
1.9321,16.49,0.26019,-2.053,"0","banknote","skewness",0.8
3.0632,-4.61,5.1305,0.8267,"0","banknote","skewness",0.8
-1.8411,8.72,2.769,-3.0901,"0","banknote","skewness",0.8
2.8084,11.02,-3.3394,-4.4194,"0","banknote","skewness",0.8
2.5698,-11.5,5.9856,0.078002,"0","banknote","skewness",0.8
-0.12624,9.81,-3.7121,-6.1185,"0","banknote","skewness",0.8
3.3756,-8.9,4.367,1.0698,"0","banknote","skewness",0.8
-0.048008,0.15,8.4756,0.75558,"0","banknote","skewness",0.8
0.5706,2.54,1.2421,-0.5621,"0","banknote","skewness",0.8
0.88444,-2,0.55837,-0.44182,"0","banknote","skewness",0.8
3.8644,4.54,0.70403,0.35214,"0","banknote","skewness",0.8
1.2999,1.91,2.0107,-0.18967,"0","banknote","skewness",0.8
2.0051,3.77,8.132,-0.2401,"0","banknote","skewness",0.8
4.9294,-3.37,0.20792,0.33662,"0","banknote","skewness",0.8
2.8297,4.98,-0.73546,-0.58665,"0","banknote","skewness",0.8
2.565,11.23,-2.9941,-1.3082,"0","banknote","skewness",0.8
2.093,0.35,0.022844,-3.2724,"0","banknote","skewness",0.8
4.6014,7.96,-2.1235,0.19309,"0","banknote","skewness",0.8
5.0617,-6.07,0.44698,0.99868,"0","banknote","skewness",0.8
-0.2951,3.1,-0.52725,-2.0789,"0","banknote","skewness",0.8
3.577,6.25,1.8908,0.73231,"0","banknote","skewness",0.8
3.9433,4.49,1.5215,0.903,"0","banknote","skewness",0.8
2.6648,10.34,-3.3994,-4.1685,"0","banknote","skewness",0.8
5.9374,8.9,-2.5905,-0.36553,"0","banknote","skewness",0.8
2.0153,-7.4,3.1375,0.42843,"0","banknote","skewness",0.8
5.8782,8.79,-2.8544,-0.60863,"0","banknote","skewness",0.8
-2.3983,13.87,2.9464,-5.7888,"0","banknote","skewness",0.8
1.762,7.3,2.1384,0.75429,"0","banknote","skewness",0.8
4.2406,-2.94,1.608,0.7155,"0","banknote","skewness",0.8
3.4669,9.56,-1.0568,-0.73147,"0","banknote","skewness",0.8
3.1896,2.53,-0.18537,-0.30087,"0","banknote","skewness",0.8
0.81356,7.07,-2.1492,-4.1814,"0","banknote","skewness",0.8
0.52855,8.23,4.0243,-1.0483,"0","banknote","skewness",0.8
2.1319,6.53,2.5574,-0.061652,"0","banknote","skewness",0.8
0.33111,6.22,2.057,-0.18967,"0","banknote","skewness",0.8
1.2746,11.96,-1.5323,-1.7957,"0","banknote","skewness",0.8
2.2091,12.38,-1.3284,-3.3021,"0","banknote","skewness",0.8
2.5328,11.48,-0.41929,-2.6478,"0","banknote","skewness",0.8
3.6244,-2.49,1.3501,1.9284,"0","banknote","skewness",0.8
-1.3885,10.55,0.69118,-7.5487,"0","banknote","skewness",0.8
5.7227,14.18,-2.4097,-0.24527,"0","banknote","skewness",0.8
3.3583,11.24,-3.7301,-3.6991,"0","banknote","skewness",0.8
2.5227,-1.95,2.7236,0.79438,"0","banknote","skewness",0.8
0.045304,8.99,1.0708,-0.9332,"0","banknote","skewness",0.8
4.8278,5.6,-2.4491,-1.2216,"0","banknote","skewness",0.8
1.9476,2.34,8.527,-1.8668,"0","banknote","skewness",0.8
2.7659,-1.54,4.1494,-0.28406,"0","banknote","skewness",0.8
-0.10648,7.32,7.7575,0.64179,"0","banknote","skewness",0.8
0.72252,1.65,5.6703,-1.3509,"0","banknote","skewness",0.8
4.2475,0.85,-0.48355,0.95343,"0","banknote","skewness",0.8
3.9772,2.58,2.2566,2.1625,"0","banknote","skewness",0.8
3.6667,5.5,0.55923,0.33791,"0","banknote","skewness",0.8
2.8232,11.65,-3.1466,-3.9784,"0","banknote","skewness",0.8
-1.4217,6.09,-0.057699,-7.1025,"0","banknote","skewness",0.8
4.2458,-0.46,0.66633,0.94696,"0","banknote","skewness",0.8
4.1038,4.3,3.3491,-0.49225,"0","banknote","skewness",0.8
1.4507,16.07,-2.2324,-0.65259,"0","banknote","skewness",0.8
3.4647,2.58,3.9746,0.36119,"0","banknote","skewness",0.8
1.8533,5.34,1.0176,-2.0401,"0","banknote","skewness",0.8
3.5288,9.63,1.9507,1.9375,"0","banknote","skewness",0.8
3.9719,-4.94,0.75973,1.0013,"0","banknote","skewness",0.8
3.534,11.1,-3.6316,-1.2461,"0","banknote","skewness",0.8
3.6894,14.91,-4.0788,-4.3664,"0","banknote","skewness",0.8
3.0672,-2.58,3.8238,-0.81682,"0","banknote","skewness",0.8
2.6463,-9.45,6.3549,0.003003,"0","banknote","skewness",0.8
2.2893,4.32,0.6312,-0.39786,"0","banknote","skewness",0.8
1.5673,11.71,-0.056842,-2.1694,"0","banknote","skewness",0.8
4.0405,1.35,1.0279,1.106,"0","banknote","skewness",0.8
4.3846,-3.17,3.3662,-0.029324,"0","banknote","skewness",0.8
2.0165,3.97,5.1707,1.0763,"0","banknote","skewness",0.8
4.0446,15.43,-4.3582,-4.7401,"0","banknote","skewness",0.8
-0.33729,-0.49,7.6659,0.72326,"0","banknote","skewness",0.8
-2.4604,11.36,0.91738,-7.6418,"0","banknote","skewness",0.8
4.1195,10.18,-3.8929,-4.1802,"0","banknote","skewness",0.8
2.0193,-4.35,4.6369,1.4202,"0","banknote","skewness",0.8
1.5701,5.96,0.29018,-2.1953,"0","banknote","skewness",0.8
2.6415,18.94,-0.28562,-1.6677,"0","banknote","skewness",0.8
5.0214,4.45,-3.0515,-1.7155,"0","banknote","skewness",0.8
4.3435,1.98,0.83598,0.64955,"0","banknote","skewness",0.8
1.8238,-7.31,8.3873,-0.54139,"0","banknote","skewness",0.8
3.9382,-1.55,0.78543,0.6767,"0","banknote","skewness",0.8
2.2517,-1.29,4.2916,-1.2487,"0","banknote","skewness",0.8
5.504,9.12,-4.413,-4.0211,"0","banknote","skewness",0.8
2.8521,16.77,-3.6461,-1.2047,"0","banknote","skewness",0.8
1.1676,11.63,-2.0867,-0.80647,"0","banknote","skewness",0.8
2.6104,10.15,-0.23592,-1.7608,"0","banknote","skewness",0.8
0.32444,13.02,-1.1982,-4.1284,"0","banknote","skewness",0.8
3.8962,-3.47,3.3954,-0.53751,"0","banknote","skewness",0.8
2.1752,6.67,5.1022,-0.67975,"0","banknote","skewness",0.8
1.1588,7.65,-2.0807,-1.1272,"0","banknote","skewness",0.8
4.7072,5.65,-2.5605,-1.4905,"0","banknote","skewness",0.8
-1.9667,10.04,-0.40472,-7.8719,"0","banknote","skewness",0.8
4.0552,10.23,1.4563,0.65343,"0","banknote","skewness",0.8
2.3678,2.26,8.4207,-0.44829,"0","banknote","skewness",0.8
0.33565,8.64,0.69718,-0.55691,"0","banknote","skewness",0.8
4.3398,-5.93,3.8803,-0.70432,"0","banknote","skewness",0.8
1.5456,10.43,0.4187,-2.1784,"0","banknote","skewness",0.8
1.4276,6.36,-2.0995,-1.9677,"0","banknote","skewness",0.8
-0.27802,16.54,-3.1338,-2.5276,"0","banknote","skewness",0.8
0.93611,8.25,-1.6351,-1.3043,"0","banknote","skewness",0.8
4.6352,-0.64,2.6773,1.212,"0","banknote","skewness",0.8
1.5268,-13.58,8.6564,-1.722,"0","banknote","skewness",0.8
0.95626,-2.23,4.4578,0.21636,"0","banknote","skewness",0.8
-2.7914,8.47,6.7756,-0.39915,"0","banknote","skewness",0.8
5.2032,-2.6,-1.2538,1.0129,"0","banknote","skewness",0.8
3.1836,13.12,-1.0713,-2.5909,"0","banknote","skewness",0.8
0.65497,6.14,1.0673,-0.42113,"0","banknote","skewness",0.8
5.6084,19.26,-4.8003,-4.3534,"0","banknote","skewness",0.8
1.105,4.07,0.41099,-3.0332,"0","banknote","skewness",0.8
3.9292,-5.86,2.2129,0.30817,"0","banknote","skewness",0.8
1.1558,5.35,1.5506,0.6961,"0","banknote","skewness",0.8
2.5581,6.29,1.8513,0.40257,"0","banknote","skewness",0.8
2.7831,11,-3.557,-4.4039,"0","banknote","skewness",0.8
3.7635,5.67,0.66119,0.34179,"0","banknote","skewness",0.8
-2.6479,9.61,-1.331,-5.4707,"0","banknote","skewness",0.8
1.0652,11.67,-1.4004,-1.6509,"0","banknote","skewness",0.8
-1.4275,8.39,0.41613,-6.9978,"0","banknote","skewness",0.8
5.7456,10.03,-4.7857,-4.3366,"0","banknote","skewness",0.8
5.086,5.01,-1.2701,1.1189,"0","banknote","skewness",0.8
3.4092,3.87,-2.5228,-0.89958,"0","banknote","skewness",0.8
-0.2361,14.06,2.1307,-4.3793,"0","banknote","skewness",0.8
3.8197,6.27,-4.383,-4.0327,"0","banknote","skewness",0.8
-1.1391,2.51,6.9144,0.70127,"0","banknote","skewness",0.8
4.9249,0.66,0.77344,1.2095,"0","banknote","skewness",0.8
2.5089,7.96,-0.029423,0.44912,"0","banknote","skewness",0.8
-0.2062,12.35,-3.7044,-6.8103,"0","banknote","skewness",0.8
3.946,12.86,-1.5443,-0.5582,"0","banknote","skewness",0.8
-0.278,12.15,-3.1338,-2.5276,"0","banknote","skewness",0.8
1.8592,10.91,-0.15966,-0.26208,"0","banknote","skewness",0.8
0.56953,16.24,1.5754,-3.2233,"0","banknote","skewness",0.8
3.4626,-6.36,3.5427,0.15429,"0","banknote","skewness",0.8
3.3951,-0.18,2.1401,2.0862,"0","banknote","skewness",0.8
5.0429,4.31,0.50439,1.106,"0","banknote","skewness",0.8
3.7758,11.65,-1.5195,0.40128,"0","banknote","skewness",0.8
4.6562,4.2,-2.4243,-1.2384,"0","banknote","skewness",0.8
4.0948,2.15,2.3689,0.75429,"0","banknote","skewness",0.8
1.8384,-0.47,0.54723,0.51248,"0","banknote","skewness",0.8
2.0153,3.04,4.5864,-0.3151,"0","banknote","skewness",0.8
3.5251,-2.89,1.6928,0.64438,"0","banknote","skewness",0.8
3.757,-5.71,3.8255,-1.2526,"0","banknote","skewness",0.8
2.5989,8.15,0.7623,0.81119,"0","banknote","skewness",0.8
1.8994,-0.83,4.2265,0.81377,"0","banknote","skewness",0.8
3.6941,-11.99,4.2625,1.1577,"0","banknote","skewness",0.8
4.4295,-7.81,1.7048,0.90946,"0","banknote","skewness",0.8
6.8248,-1.43,-2.5425,0.5461,"0","banknote","skewness",0.8
1.8967,-0.15,2.8093,-0.79742,"0","banknote","skewness",0.8
2.1526,-1.96,8.0831,-0.34355,"0","banknote","skewness",0.8
3.3004,13.72,-1.3258,0.22283,"0","banknote","skewness",0.8
2.7213,9.84,-0.58808,0.41809,"0","banknote","skewness",0.8
3.8846,-3.94,2.5334,0.20214,"0","banknote","skewness",0.8
4.1665,-4.36,0.23448,0.27843,"0","banknote","skewness",0.8
0.94225,2.5,1.8762,-0.32544,"0","banknote","skewness",0.8
5.1321,9.22,0.32616,1.1151,"0","banknote","skewness",0.8
0.38251,8.43,1.8128,-0.61251,"0","banknote","skewness",0.8
3.0333,-6.33,2.3183,0.303,"0","banknote","skewness",0.8
2.9233,8.83,-0.11168,-0.58665,"0","banknote","skewness",0.8
1.162,6.45,-1.2821,-4.0392,"0","banknote","skewness",0.8
3.7791,5.66,1.3098,0.5655,"0","banknote","skewness",0.8
0.77765,8.48,1.1941,-0.3526,"0","banknote","skewness",0.8
-0.38388,2.63,8.0514,0.49567,"0","banknote","skewness",0.8
0.21084,4.35,-0.094543,-1.859,"0","banknote","skewness",0.8
2.9571,-4.59,5.9068,0.57196,"0","banknote","skewness",0.8
4.6439,-10.75,2.5976,0.55257,"0","banknote","skewness",0.8
3.3577,-10.3,6.0241,0.18274,"0","banknote","skewness",0.8
3.5127,3.6,1.0579,0.40774,"0","banknote","skewness",0.8
2.6562,11.38,-3.3085,-4.0767,"0","banknote","skewness",0.8
-1.3612,10.03,1.7022,-2.9026,"0","banknote","skewness",0.8
-0.278,8.9,-3.1338,-2.5276,"0","banknote","skewness",0.8
1.04,-14.56,8.2888,-1.2991,"0","banknote","skewness",0.8
2.1881,-1.3,1.3278,-0.1832,"0","banknote","skewness",0.8
4.2756,2.49,2.1375,0.94437,"0","banknote","skewness",0.8
-0.11996,-1.92,0.91995,-0.6694,"0","banknote","skewness",0.8
2.9736,12.9,-3.6359,-1.3754,"0","banknote","skewness",0.8
3.7798,1.13,2.6491,0.066365,"0","banknote","skewness",0.8
5.3586,3.14,-1.7345,1.0789,"0","banknote","skewness",0.8
1.8373,13.24,0.84027,0.55257,"0","banknote","skewness",0.8
1.2262,2.9,5.7568,-0.11596,"0","banknote","skewness",0.8
-0.048008,-1.72,7.7215,0.453,"0","banknote","skewness",0.8
0.5706,7.45,1.2421,-0.56208,"0","banknote","skewness",0.8
4.3634,-1.96,1.4281,2.0202,"0","banknote","skewness",0.8
3.482,-6.69,3.5008,-0.078462,"0","banknote","skewness",0.8
0.51947,-5.29,3.0895,-0.98492,"0","banknote","skewness",0.8
2.3164,-5.17,3.1529,-0.08622,"0","banknote","skewness",0.8
-1.8348,13.45,3.1863,-4.8888,"0","banknote","skewness",0.8
1.3754,12.59,-1.9136,-0.53751,"0","banknote","skewness",0.8
-0.16682,7.87,0.49839,-0.70044,"0","banknote","skewness",0.8
0.29961,10.3,-0.31475,-1.1828,"0","banknote","skewness",0.8
0.25035,6.28,-3.6873,-6.2543,"0","banknote","skewness",0.8
2.4673,-5.39,1.7125,0.41421,"0","banknote","skewness",0.8
0.77805,-2,-1.1425,-1.0573,"0","banknote","skewness",0.8
3.4465,5.37,1.0271,0.5461,"0","banknote","skewness",0.8
2.2429,-3.17,5.2333,-0.40173,"0","banknote","skewness",0.8
3.7321,6,3.3577,-0.0060486,"0","banknote","skewness",0.8
4.3365,7.89,3.6884,0.74912,"0","banknote","skewness",0.8
-2.0759,16.47,2.6439,-4.837,"0","banknote","skewness",0.8
4.0715,3.8,-2.0824,-1.1698,"0","banknote","skewness",0.8
0.76163,11.14,1.1959,-0.64613,"0","banknote","skewness",0.8
-0.53966,11.59,0.46583,-1.4543,"0","banknote","skewness",0.8
2.6213,3.05,0.065686,-1.5759,"0","banknote","skewness",0.8
3.0242,-3.82,2.5865,-0.54785,"0","banknote","skewness",0.8
5.8519,1.56,-2.4037,-0.061652,"0","banknote","skewness",0.8
0.5706,0.48,1.2421,-0.5621,"0","banknote","skewness",0.8
3.9771,10.97,-3.9272,-4.3444,"0","banknote","skewness",0.8
1.5478,9.39,-1.6326,-1.7375,"0","banknote","skewness",0.8
0.74054,-3.99,2.1992,0.48403,"0","banknote","skewness",0.8
0.49571,5.23,-1.097,-4.0159,"0","banknote","skewness",0.8
1.645,-0.33,-0.87598,-3.5569,"0","banknote","skewness",0.8
3.6077,13.53,-1.1622,0.28231,"0","banknote","skewness",0.8
3.2403,-5.35,5.2804,0.41291,"0","banknote","skewness",0.8
3.9166,13.41,-4.0926,-4.4659,"0","banknote","skewness",0.8
3.9262,1.53,-2.0156,-0.065531,"0","banknote","skewness",0.8
5.591,2.69,-4.3839,-4.3379,"0","banknote","skewness",0.8
3.7522,4.97,3.9943,1.3051,"0","banknote","skewness",0.8
1.3114,1.8,2.2935,0.22541,"0","banknote","skewness",0.8
3.7022,8.67,-1.8511,-0.12889,"0","banknote","skewness",0.8
4.364,-2.41,2.3757,0.78532,"0","banknote","skewness",0.8
3.5829,-0.08,1.0219,1.4008,"0","banknote","skewness",0.8
4.65,-0.37,3.4553,-0.25174,"0","banknote","skewness",0.8
5.1731,1.94,-1.983,0.40774,"0","banknote","skewness",0.8
3.2692,4.19,0.20706,-0.066824,"0","banknote","skewness",0.8
2.4012,2.65,3.0312,0.71679,"0","banknote","skewness",0.8
1.7257,-5.55,8.2219,-1.8073,"0","banknote","skewness",0.8
4.7965,5.82,-1.9967,-0.35001,"0","banknote","skewness",0.8
4.0962,6.41,-3.9323,-4.1827,"0","banknote","skewness",0.8
2.5559,13.96,2.0321,0.26809,"0","banknote","skewness",0.8
3.4916,3.95,-3.0326,-0.59182,"0","banknote","skewness",0.8
0.5195,1.73,3.0895,-0.9849,"0","banknote","skewness",0.8
2.9856,-3.47,-0.409,-2.2431,"0","banknote","skewness",0.8
4.0932,11.77,-1.8219,0.23576,"0","banknote","skewness",0.8
1.7748,9.24,5.5854,1.3039,"0","banknote","skewness",0.8
5.2012,5.6,0.17965,1.1797,"0","banknote","skewness",0.8
-0.45062,-2.35,7.0858,-0.40303,"0","banknote","skewness",0.8
4.8451,10.09,-2.9512,-1.4724,"0","banknote","skewness",0.8
0.74841,10.75,1.1504,-0.5388,"0","banknote","skewness",0.8
5.1213,3.83,-3.3917,-1.5474,"0","banknote","skewness",0.8
3.6181,-4.57,2.8273,-0.71208,"0","banknote","skewness",0.8
0.040498,9.13,1.4461,-3.9306,"0","banknote","skewness",0.8
-2.6479,9.37,-1.331,-5.4707,"0","banknote","skewness",0.8
0.37984,-1.36,0.75716,-0.44441,"0","banknote","skewness",0.8
-0.95923,3.86,6.2204,-1.4828,"0","banknote","skewness",0.8
2.8672,9.16,-3.2049,-3.1095,"0","banknote","skewness",0.8
1.0182,12.88,-0.62064,-1.7129,"0","banknote","skewness",0.8
-2.7143,18.19,2.1092,-3.9629,"0","banknote","skewness",0.8
3.8244,-8.31,2.4537,0.52024,"0","banknote","skewness",0.8
2.7961,3.5,1.8385,0.38317,"0","banknote","skewness",0.8
3.5358,16.29,-0.81857,0.47886,"0","banknote","skewness",0.8
-0.7056,13.94,2.2215,-4.5965,"0","banknote","skewness",0.8
4.1542,4.18,-2.4766,-1.2099,"0","banknote","skewness",0.8
0.92703,3.82,-0.66263,-1.6728,"0","banknote","skewness",0.8
1.8216,-3.88,8.0514,-0.41855,"0","banknote","skewness",0.8
-2.4473,8.53,0.73573,-7.6612,"0","banknote","skewness",0.8
3.5862,-2.54,2.8093,0.24481,"0","banknote","skewness",0.8
0.66191,7.21,-0.28819,-1.6638,"0","banknote","skewness",0.8
4.7926,7.96,-0.051701,1.4926,"0","banknote","skewness",0.8
4.9852,10.7,-2.5425,-1.2823,"0","banknote","skewness",0.8
0.75736,-1.58,2.9164,-0.068117,"0","banknote","skewness",0.8
4.6499,12.1,-1.9427,-0.37458,"0","banknote","skewness",0.8
-0.023579,5.97,0.78457,-0.75734,"0","banknote","skewness",0.8
0.85574,0.65,6.6042,-0.53104,"0","banknote","skewness",0.8
0.88298,7.63,6.0096,-0.43277,"0","banknote","skewness",0.8
4.0422,1.08,4.7466,1.137,"0","banknote","skewness",0.8
2.2546,7.02,-0.24877,-3.2698,"0","banknote","skewness",0.8
0.38478,1.72,-0.3336,-0.56466,"0","banknote","skewness",0.8
3.1541,-0.7,6.5991,0.57455,"0","banknote","skewness",0.8
2.3969,-0.55,4.8477,1.437,"0","banknote","skewness",0.8
4.7114,-6.81,-0.2702,1.2379,"0","banknote","skewness",0.8
4.0127,14.08,-3.9366,-4.0728,"0","banknote","skewness",0.8
2.6606,14.47,1.9619,0.18662,"0","banknote","skewness",0.8
3.931,8.36,-0.023425,1.2314,"0","banknote","skewness",0.8
0.01727,11.48,1.3989,-3.9668,"0","banknote","skewness",0.8
3.2414,-4.5,1.4015,1.1952,"0","banknote","skewness",0.8
2.2504,11.5,0.35273,0.2836,"0","banknote","skewness",0.8
-1.3971,3.7,-1.3927,-1.9948,"1","banknote","skewness",0.8
0.39012,2.05,-0.031994,0.35084,"1","banknote","skewness",0.8
-1.6677,-7.41,7.8929,0.96765,"1","banknote","skewness",0.8
-3.8483,-9.07,15.6824,-1.281,"1","banknote","skewness",0.8
-3.5681,-1.8,10.083,0.96765,"1","banknote","skewness",0.8
-2.2804,-7.38,1.3347,1.3763,"1","banknote","skewness",0.8
-1.7582,3.06,-2.5323,-2.234,"1","banknote","skewness",0.8
-0.89409,1.22,-1.8219,-2.9452,"1","banknote","skewness",0.8
0.3434,2.16,-0.28733,0.14654,"1","banknote","skewness",0.8
-0.9854,-9.86,5.8245,0.5461,"1","banknote","skewness",0.8
-2.4115,-13.43,9.3444,-0.65259,"1","banknote","skewness",0.8
-1.5252,-8.56,5.3524,0.59912,"1","banknote","skewness",0.8
-0.61442,0.65,-0.31818,0.50214,"1","banknote","skewness",0.8
-0.36506,0.61,-3.6461,-3.0603,"1","banknote","skewness",0.8
-5.9034,7.65,0.67661,-6.6797,"1","banknote","skewness",0.8
-1.8215,4.04,-0.72261,-2.353,"1","banknote","skewness",0.8
-0.77461,1.61,2.4023,1.1319,"1","banknote","skewness",0.8
-1.8187,-16.82,9.0162,-0.12243,"1","banknote","skewness",0.8
-3.5801,-14.83,13.1779,-2.5677,"1","banknote","skewness",0.8
-1.8219,0.13,5.4681,0.057313,"1","banknote","skewness",0.8
-0.3481,4.54,-0.47841,0.62627,"1","banknote","skewness",0.8
0.47368,5.06,-4.5064,-4.0431,"1","banknote","skewness",0.8
-3.4083,8.04,-0.76888,-4.8668,"1","banknote","skewness",0.8
-1.6662,-12.58,1.4238,0.024986,"1","banknote","skewness",0.8
-2.0962,-8.5,6.6188,-0.33708,"1","banknote","skewness",0.8
-2.6685,-13.35,9.1139,-1.7323,"1","banknote","skewness",0.8
-0.47465,-0.09,1.9901,0.7517,"1","banknote","skewness",0.8
1.0552,5.47,-2.6411,0.11033,"1","banknote","skewness",0.8
1.1644,4.24,-4.9408,-4.0909,"1","banknote","skewness",0.8
-4.4779,0.54,-0.31218,-6.7754,"1","banknote","skewness",0.8
-2.7338,1.23,2.4391,0.21766,"1","banknote","skewness",0.8
-2.286,-8.22,5.8039,0.88231,"1","banknote","skewness",0.8
-1.6244,-18.76,4.6575,0.16981,"1","banknote","skewness",0.8
0.50813,3.04,-1.9804,0.57714,"1","banknote","skewness",0.8
1.6408,3.39,-4.9023,-2.6621,"1","banknote","skewness",0.8
0.81583,0.81,-5.2613,-6.0823,"1","banknote","skewness",0.8
-5.4901,1.8,-0.38758,-5.9763,"1","banknote","skewness",0.8
-3.2238,1.03,0.32274,-0.86078,"1","banknote","skewness",0.8
-2.0631,-0.79,1.219,0.44524,"1","banknote","skewness",0.8
-0.91318,-4.85,-0.19565,0.066365,"1","banknote","skewness",0.8
0.6005,7.49,-3.2888,-0.32415,"1","banknote","skewness",0.8
0.91315,4.5,-4.0557,-1.6741,"1","banknote","skewness",0.8
-0.28015,8.68,-3.3857,-2.9155,"1","banknote","skewness",0.8
-3.6085,7.54,-0.51954,-3.5737,"1","banknote","skewness",0.8
-6.2003,8.26,0.00913439999999999,-3.703,"1","banknote","skewness",0.8
-4.2932,4.78,0.77258,-0.99785,"1","banknote","skewness",0.8
-3.0265,6.93,0.68604,-0.055186,"1","banknote","skewness",0.8
-1.7015,-9.67,-0.99337,-0.53104,"1","banknote","skewness",0.8
-0.64326,-1.44,-2.9452,-1.0276,"1","banknote","skewness",0.8
-0.86339,2.8,-2.3729,-1.0897,"1","banknote","skewness",0.8
-2.0659,10.44,-0.46298,-1.0974,"1","banknote","skewness",0.8
-2.1333,-6.53,-0.084261,-1.7453,"1","banknote","skewness",0.8
-1.2568,8.54,2.8718,0.44653,"1","banknote","skewness",0.8
-3.1128,-8.72,10.7402,-1.0172,"1","banknote","skewness",0.8
-4.8554,-9.3,10.9818,-0.82199,"1","banknote","skewness",0.8
-2.588,0.22,-0.3336,-1.2797,"1","banknote","skewness",0.8
0.24394,1.89,-1.4192,-0.58535,"1","banknote","skewness",0.8
-1.5322,-3.56,6.6779,0.17498,"1","banknote","skewness",0.8
-4.0025,-12.59,17.6772,-3.3202,"1","banknote","skewness",0.8
-4.0173,-3.11,12.4547,-1.4375,"1","banknote","skewness",0.8
-3.0731,-3.99,2.3877,0.77627,"1","banknote","skewness",0.8
-1.979,5.24,-1.3575,-2.5819,"1","banknote","skewness",0.8
-0.4294,-5.8,0.044265,-0.15605,"1","banknote","skewness",0.8
-2.234,1.49,7.4936,0.61334,"1","banknote","skewness",0.8
-4.211,-8.28,14.9704,-1.3884,"1","banknote","skewness",0.8
-3.8073,-13.29,10.1772,0.65084,"1","banknote","skewness",0.8
-2.5912,-8,1.2798,1.0414,"1","banknote","skewness",0.8
-2.2482,4.65,-2.3969,-2.6711,"1","banknote","skewness",0.8
-1.4427,2.5,-1.9702,-3.4392,"1","banknote","skewness",0.8
-0.39416,6.57,-0.066267,-0.44699,"1","banknote","skewness",0.8
-1.522,-2.64,5.7491,-0.10691,"1","banknote","skewness",0.8
-2.8267,-8.23,9.0694,-0.98233,"1","banknote","skewness",0.8
-1.7263,-1.68,5.2419,0.29524,"1","banknote","skewness",0.8
-0.94255,-2.91,-0.24192,0.31593,"1","banknote","skewness",0.8
-0.89569,-1.28,-3.6067,-3.4457,"1","banknote","skewness",0.8
-6.2815,7.61,0.52581,-7.0107,"1","banknote","skewness",0.8
-2.3211,4.79,-1.0002,-2.7151,"1","banknote","skewness",0.8
-1.3414,-2.47,2.8093,0.60688,"1","banknote","skewness",0.8
-2.258,-13.46,9.3727,-0.85949,"1","banknote","skewness",0.8
-3.8858,-12.96,12.7957,-3.1353,"1","banknote","skewness",0.8
-1.8969,-10.89,5.2761,-0.32544,"1","banknote","skewness",0.8
-0.52645,5.52,-0.45613,0.41938,"1","banknote","skewness",0.8
0.0096613,-0.02,-4.407,-4.4103,"1","banknote","skewness",0.8
-3.8826,-0.06,-0.92311,-5.0801,"1","banknote","skewness",0.8
-2.1405,1.58,1.321,-0.20906,"1","banknote","skewness",0.8
-2.4824,-2.03,6.839,-0.59053,"1","banknote","skewness",0.8
-2.9098,-7.94,8.4156,-1.9948,"1","banknote","skewness",0.8
-0.60975,-1.9,1.8471,0.6017,"1","banknote","skewness",0.8
0.83625,-1.66,-2.4706,-0.062945,"1","banknote","skewness",0.8
0.60731,5.5,-4.772,-4.4853,"1","banknote","skewness",0.8
-4.8861,5.53,-0.17252,-6.959,"1","banknote","skewness",0.8
-3.1366,4.04,2.6225,-0.064238,"1","banknote","skewness",0.8
-2.5754,-2.14,6.103,0.65214,"1","banknote","skewness",0.8
-1.8782,-3.52,4.8486,-0.021566,"1","banknote","skewness",0.8
0.24261,-6.09,-1.9402,0.44007,"1","banknote","skewness",0.8
1.296,5.35,-4.8457,-2.9013,"1","banknote","skewness",0.8
0.25943,13.68,-5.0394,-6.3862,"1","banknote","skewness",0.8
-5.873,12.13,-0.27448,-6.0422,"1","banknote","skewness",0.8
-3.4605,6.94,0.16165,-1.0224,"1","banknote","skewness",0.8
-2.3797,5.77,1.1273,0.16076,"1","banknote","skewness",0.8
-1.2424,1.12,-0.52553,-0.21036,"1","banknote","skewness",0.8
0.20216,3.19,-3.2828,-0.61768,"1","banknote","skewness",0.8
0.59823,-5.84,-3.9795,-1.7841,"1","banknote","skewness",0.8
-0.77995,0.47,-3.282,-3.1004,"1","banknote","skewness",0.8
-4.1409,7.23,-0.47841,-3.8879,"1","banknote","skewness",0.8
-6.5084,-1.5,0.23191,-3.937,"1","banknote","skewness",0.8
-4.4996,-1.67,0.56265,-1.1672,"1","banknote","skewness",0.8
-3.3125,-1.31,0.55323,-0.2957,"1","banknote","skewness",0.8
-1.9423,2.02,-1.2898,-0.82458,"1","banknote","skewness",0.8
-0.75793,3.33,-3.0464,-1.2629,"1","banknote","skewness",0.8
-0.95403,3.05,-2.3163,-1.1957,"1","banknote","skewness",0.8
-2.2173,-1.3,-0.72689,-1.1724,"1","banknote","skewness",0.8
-2.799,3.78,-0.42357,-2.1125,"1","banknote","skewness",0.8
-1.8629,2.18,2.5377,0.097399,"1","banknote","skewness",0.8
-3.5916,-4.58,10.2389,-1.1543,"1","banknote","skewness",0.8
-5.1216,-4.84,10.3846,-1.0612,"1","banknote","skewness",0.8
-3.2854,9.55,-0.45356,-1.8228,"1","banknote","skewness",0.8
-0.56877,11.7,-1.4252,-1.1246,"1","banknote","skewness",0.8
-2.3518,-5.62,6.6479,-0.060358,"1","banknote","skewness",0.8
-4.4861,-16.35,17.3087,-3.2194,"1","banknote","skewness",0.8
-4.3876,-7.9,11.9655,-1.4543,"1","banknote","skewness",0.8
-3.3604,-0.24,2.1324,0.6017,"1","banknote","skewness",0.8
-1.0112,-0.15,-1.1664,-1.6185,"1","banknote","skewness",0.8
0.030219,1.87,1.4024,0.77369,"1","banknote","skewness",0.8
-1.6514,-7.33,9.1122,1.2379,"1","banknote","skewness",0.8
-3.2692,-8.24,15.5573,-0.14182,"1","banknote","skewness",0.8
-2.5701,-3.89,8.9999,2.1353,"1","banknote","skewness",0.8
-1.3066,-3.58,0.7623,1.7758,"1","banknote","skewness",0.8
-1.6637,12.81,-2.2701,-2.2224,"1","banknote","skewness",0.8
-0.55008,4.9,-1.6488,-2.4319,"1","banknote","skewness",0.8
0.21431,-1.51,0.87711,0.29653,"1","banknote","skewness",0.8
-0.77288,-10.82,6.492,0.36119,"1","banknote","skewness",0.8
-1.8391,-10.46,9.2416,-0.10432,"1","banknote","skewness",0.8
-0.63298,0.2,4.5624,1.4797,"1","banknote","skewness",0.8
0.0040545,-5.11,-0.64121,0.75817,"1","banknote","skewness",0.8
-0.28696,4.51,-3.5767,-3.1896,"1","banknote","skewness",0.8
-5.2406,1.14,-0.19908,-6.8607,"1","banknote","skewness",0.8
-1.4446,8.48,-0.47241,-1.6677,"1","banknote","skewness",0.8
-0.65767,-6.27,3.7115,0.99739,"1","banknote","skewness",0.8
-1.5449,-19.76,9.6152,-1.2332,"1","banknote","skewness",0.8
-2.8957,-15.57,11.9149,-2.7552,"1","banknote","skewness",0.8
-0.81479,-4.91,4.3919,0.3211,"1","banknote","skewness",0.8
0.50225,6.61,-1.1793,0.39998,"1","banknote","skewness",0.8
0.74521,-2.93,-4.4044,-4.1414,"1","banknote","skewness",0.8
-2.9146,0.5,-0.45699,-4.0327,"1","banknote","skewness",0.8
-1.3907,-4.92,2.3055,-0.021566,"1","banknote","skewness",0.8
-1.786,-13.83,7.0858,-1.2112,"1","banknote","skewness",0.8
-1.7322,-3.57,7.719,-1.7168,"1","banknote","skewness",0.8
0.55298,-0.45,1.7048,1.1008,"1","banknote","skewness",0.8
2.031,-1.41,-3.0121,0.003003,"1","banknote","skewness",0.8
1.2279,7.89,-4.6435,-3.9125,"1","banknote","skewness",0.8
-4.2249,2.02,0.15822,-5.5457,"1","banknote","skewness",0.8
-2.5346,2.29,3.3602,0.00171,"1","banknote","skewness",0.8
-1.749,-7.51,6.0987,0.14266,"1","banknote","skewness",0.8
-0.539,-2.27,3.4399,0.052141,"1","banknote","skewness",0.8
1.5631,1.6,-1.9702,0.65472,"1","banknote","skewness",0.8
2.3917,4.37,-4.9888,-2.8987,"1","banknote","skewness",0.8
0.89512,1.66,-4.8431,-5.5909,"1","banknote","skewness",0.8
-5.4808,-0.7,0.27818,-5.0323,"1","banknote","skewness",0.8
-2.8833,2.06,0.68946,-0.4638,"1","banknote","skewness",0.8
-1.4174,-1.07,1.518,0.61981,"1","banknote","skewness",0.8
0.4283,3.76,-1.0731,0.3211,"1","banknote","skewness",0.8
1.5904,2.36,-3.1183,-0.11725,"1","banknote","skewness",0.8
1.7425,8.63,-4.0129,-1.7207,"1","banknote","skewness",0.8
-0.23356,-0.52,-3.0669,-2.7784,"1","banknote","skewness",0.8
-3.6227,1.92,-0.35845,-3.9047,"1","banknote","skewness",0.8
-6.1536,16.61,0.61663,-3.2646,"1","banknote","skewness",0.8
-3.9172,6.85,0.78886,-0.7819,"1","banknote","skewness",0.8
-2.2214,3.83,0.56008,0.05602,"1","banknote","skewness",0.8
-0.49241,-2.2,-1.6283,-0.56854,"1","banknote","skewness",0.8
0.26517,-4.37,-2.8416,-0.59958,"1","banknote","skewness",0.8
-0.10234,0.67,-2.2169,-0.56725,"1","banknote","skewness",0.8
-1.6176,-1.12,-0.35502,-0.59958,"1","banknote","skewness",0.8
-1.8448,-1.92,0.27218,-1.0728,"1","banknote","skewness",0.8
-1.2786,-7.95,4.5735,0.47627,"1","banknote","skewness",0.8
-2.902,-6.68,11.8318,-0.84268,"1","banknote","skewness",0.8
-4.3773,3.08,10.939,-0.4082,"1","banknote","skewness",0.8
-2.0529,-1.23,-0.79544,-1.2138,"1","banknote","skewness",0.8
0.18868,4.33,-0.51182,0.0055892,"1","banknote","skewness",0.8
-1.7279,-10.6,8.9494,0.68058,"1","banknote","skewness",0.8
-3.3793,-13.52,17.9274,-2.0323,"1","banknote","skewness",0.8
-3.1273,-3.79,11.3897,-0.083634,"1","banknote","skewness",0.8
-2.121,-0.27,1.949,1.353,"1","banknote","skewness",0.8
-1.7697,-4.31,-1.2144,-2.3789,"1","banknote","skewness",0.8
-0.0012852,-3.61,-0.19651,0.0081754,"1","banknote","skewness",0.8
-1.682,-6.77,7.1398,1.3323,"1","banknote","skewness",0.8
-3.4917,-13.9,14.3689,-0.61639,"1","banknote","skewness",0.8
-3.1158,-14.33,10.4403,0.97153,"1","banknote","skewness",0.8
-2.0891,0.83,1.704,1.7435,"1","banknote","skewness",0.8
-1.6936,9.78,-2.1835,-1.9276,"1","banknote","skewness",0.8
-1.2846,6.3,-1.7671,-3.2608,"1","banknote","skewness",0.8
-0.092194,5.12,-0.32846,-0.13794,"1","banknote","skewness",0.8
-1.0292,-2.49,5.5255,0.79955,"1","banknote","skewness",0.8
-2.2083,-10.41,8.9991,-0.28406,"1","banknote","skewness",0.8
-1.0744,-5.5,5.355,0.80472,"1","banknote","skewness",0.8
-0.51003,2.7,0.020273,0.76334,"1","banknote","skewness",0.8
-0.36372,-4.24,-3.4816,-2.7836,"1","banknote","skewness",0.8
-6.3979,9.56,1.0836,-6.6176,"1","banknote","skewness",0.8
-2.2501,5.44,-0.88369,-2.8974,"1","banknote","skewness",0.8
-1.1859,7.43,2.2635,0.77239,"1","banknote","skewness",0.8
-1.8076,-7.03,8.7086,-0.21682,"1","banknote","skewness",0.8
-3.3863,-15.59,13.0545,-2.7202,"1","banknote","skewness",0.8
-1.4106,-6.32,5.6454,0.31335,"1","banknote","skewness",0.8
-0.21394,1.21,0.096532,1.1965,"1","banknote","skewness",0.8
0.48797,5.87,-4.3882,-3.8116,"1","banknote","skewness",0.8
-3.8167,6.35,-0.65063,-5.4306,"1","banknote","skewness",0.8
-1.9555,-6.45,1.2473,-0.3707,"1","banknote","skewness",0.8
-2.1786,-13.2,6.0344,-0.20777,"1","banknote","skewness",0.8
-2.3299,-13.96,8.4756,-1.8733,"1","banknote","skewness",0.8
0.0031201,-10.4,1.7956,0.91722,"1","banknote","skewness",0.8
1.3518,-4.38,-2.3437,0.39998,"1","banknote","skewness",0.8
1.2309,2.47,-4.8277,-4.0069,"1","banknote","skewness",0.8
-5.0301,4.84,-0.13396,-7.5034,"1","banknote","skewness",0.8
-3.0799,2.97,2.7039,-0.23751,"1","banknote","skewness",0.8
-2.2987,-10.5,5.63,0.91722,"1","banknote","skewness",0.8
-1.239,-0.63,4.8151,-0.033204,"1","banknote","skewness",0.8
0.75896,-0.04,-1.6506,0.83834,"1","banknote","skewness",0.8
1.6799,4.11,-4.5398,-2.3931,"1","banknote","skewness",0.8
0.63655,5.82,-5.2159,-6.1211,"1","banknote","skewness",0.8
-6.0598,17.35,-0.43642,-6.3694,"1","banknote","skewness",0.8
-3.518,1.06,0.1548,-1.2086,"1","banknote","skewness",0.8
-2.0336,0.71,1.1582,0.36507,"1","banknote","skewness",0.8
-0.69745,1.29,-0.34474,-0.12372,"1","banknote","skewness",0.8
0.75108,-3.2,-3.1098,-0.20518,"1","banknote","skewness",0.8
0.84546,-2.12,-3.6307,-1.3961,"1","banknote","skewness",0.8
-0.55648,9.67,-3.3085,-2.7965,"1","banknote","skewness",0.8
-3.6817,2.67,-0.69347,-3.4004,"1","banknote","skewness",0.8
-6.7526,6.44,-0.061983,-3.725,"1","banknote","skewness",0.8
-4.577,4.19,0.66719,-0.94742,"1","banknote","skewness",0.8
-2.9883,0.87,0.45041,0.068951,"1","banknote","skewness",0.8
-1.4781,-4.33,-1.1622,-0.48579,"1","banknote","skewness",0.8
-0.46651,-1.63,-2.9812,-1.0431,"1","banknote","skewness",0.8
-0.8734,1.49,-2.1964,-0.78061,"1","banknote","skewness",0.8
-2.1234,-4.45,-0.55552,-0.81165,"1","banknote","skewness",0.8
-2.3142,1.76,-0.46813,-1.6767,"1","banknote","skewness",0.8
-1.4233,-3.08,2.3586,0.39481,"1","banknote","skewness",0.8
-3.0866,-14.88,10.5405,-0.89182,"1","banknote","skewness",0.8
-4.7331,-2.46,11.388,-1.0741,"1","banknote","skewness",0.8
-2.8829,3.95,-0.1888,-1.1672,"1","banknote","skewness",0.8
-0.036127,-2.16,-1.4089,-0.76121,"1","banknote","skewness",0.8
-1.7104,-8.54,6.2109,0.3974,"1","banknote","skewness",0.8
-3.8203,-4.64,16.9583,-2.3052,"1","banknote","skewness",0.8
-3.7181,-6.82,12.363,-0.95518,"1","banknote","skewness",0.8
-2.899,-4.79,2.6045,1.3776,"1","banknote","skewness",0.8
-0.98193,-5.36,-1.2341,-1.5668,"1","banknote","skewness",0.8
-0.17296,3.56,1.3818,0.7336,"1","banknote","skewness",0.8
-1.9409,-16.89,9.155,0.94049,"1","banknote","skewness",0.8
-3.5713,-15.26,14.8881,-0.47027,"1","banknote","skewness",0.8
-2.9915,-5.62,8.6521,1.8198,"1","banknote","skewness",0.8
-1.8483,-1.69,0.77344,1.4189,"1","banknote","skewness",0.8
-2.2677,5.14,-2.2563,-2.4642,"1","banknote","skewness",0.8
-0.50816,7.7,-1.8108,-2.2612,"1","banknote","skewness",0.8
0.14329,-10,1.0039,0.48791,"1","banknote","skewness",0.8
-0.90784,-8.75,6.7807,0.34179,"1","banknote","skewness",0.8
-2.0042,-10.48,9.3333,-0.10303,"1","banknote","skewness",0.8
-0.93587,-15.37,4.5367,1.3866,"1","banknote","skewness",0.8
-0.40804,2.19,-0.52725,0.6586,"1","banknote","skewness",0.8
-0.8172,-1.85,-3.6684,-3.456,"1","banknote","skewness",0.8
-4.8392,4.81,-0.24278,-6.5775,"1","banknote","skewness",0.8
-1.2792,6.03,-0.47584,-1.3974,"1","banknote","skewness",0.8
-0.66008,2.9,3.8058,1.1836,"1","banknote","skewness",0.8
-1.7713,-13.24,10.2184,-1.0043,"1","banknote","skewness",0.8
-3.0061,-6.37,11.9552,-2.1603,"1","banknote","skewness",0.8
-1.1022,-7.97,4.5641,0.68705,"1","banknote","skewness",0.8
0.11806,-2.59,-0.98223,0.42843,"1","banknote","skewness",0.8
0.11686,9.28,-4.4379,-4.3741,"1","banknote","skewness",0.8
-2.7264,2.68,-0.49212,-3.6371,"1","banknote","skewness",0.8
-1.2369,-8.55,2.518,0.51636,"1","banknote","skewness",0.8
-1.8439,-17.82,7.6796,-0.66682,"1","banknote","skewness",0.8
-1.8554,-5.37,7.7764,-0.97716,"1","banknote","skewness",0.8
0.16358,-3.88,1.3749,1.3569,"1","banknote","skewness",0.8
1.5077,-0.11,-3.0584,-0.12243,"1","banknote","skewness",0.8
0.67886,1.73,-4.569,-4.1414,"1","banknote","skewness",0.8
-3.9934,-0.02,0.54723,-4.9379,"1","banknote","skewness",0.8
-2.3898,-5.72,3.0141,0.76205,"1","banknote","skewness",0.8
-1.7976,-3.69,6.6753,0.89912,"1","banknote","skewness",0.8
-0.70867,-8.82,4.0483,0.903,"1","banknote","skewness",0.8
1.0194,2.31,-2.3,0.59395,"1","banknote","skewness",0.8
1.7875,8.46,-5.1362,-3.2362,"1","banknote","skewness",0.8
0.27331,5.66,-4.9194,-5.8198,"1","banknote","skewness",0.8
-5.1661,1.83,0.044265,-4.4983,"1","banknote","skewness",0.8
-2.7028,-2.3,0.83598,-0.091393,"1","banknote","skewness",0.8
-1.4904,-4.09,1.6054,0.89394,"1","banknote","skewness",0.8
-0.014902,-6.53,-0.94024,0.64955,"1","banknote","skewness",0.8
0.88992,3.18,-3.1046,-0.11855,"1","banknote","skewness",0.8
1.0637,5.19,-4.1594,-1.9379,"1","banknote","skewness",0.8
-0.8471,6.31,-3.0112,-2.9388,"1","banknote","skewness",0.8
-3.9594,7.07,-0.35845,-3.8957,"1","banknote","skewness",0.8
-5.8818,10.2,0.5558,-2.9155,"1","banknote","skewness",0.8
-3.7747,-1.17,0.83341,-0.30993,"1","banknote","skewness",0.8
-2.4198,-3.07,0.70146,0.41809,"1","banknote","skewness",0.8
-0.83535,3.67,-1.6411,-0.19225,"1","banknote","skewness",0.8
-0.30432,-0.25,-2.7756,-0.65647,"1","banknote","skewness",0.8
-0.60254,-3.82,-2.1501,-0.77027,"1","banknote","skewness",0.8
-2.1059,6.13,-0.53324,-0.82716,"1","banknote","skewness",0.8
-2.0441,5.12,0.18564,-1.091,"1","banknote","skewness",0.8
-1.5621,2.47,4.2591,0.27972,"1","banknote","skewness",0.8
-3.2305,-0.64,11.6433,-0.94613,"1","banknote","skewness",0.8
-4.8426,-9.26,10.4052,-0.53104,"1","banknote","skewness",0.8
-2.3147,-4.42,-0.6969,-1.2474,"1","banknote","skewness",0.8
-0.11716,-4.57,-0.38587,-0.059065,"1","banknote","skewness",0.8
-2.0066,-11,9.0162,0.099985,"1","banknote","skewness",0.8
-3.6961,-18.43,17.5795,-2.6181,"1","banknote","skewness",0.8
-3.6012,-8.34,10.5234,-0.48967,"1","banknote","skewness",0.8
-2.6286,3.81,1.7956,0.97282,"1","banknote","skewness",0.8
-0.82601,-0.25,-1.2864,-1.4647,"1","banknote","skewness",0.8
0.31803,0.89,1.0947,0.88619,"1","banknote","skewness",0.8
-1.4454,-5.72,8.8483,0.96894,"1","banknote","skewness",0.8
-3.1423,-11.91,15.6773,-0.66165,"1","banknote","skewness",0.8
-2.5373,-4.62,8.8054,1.5289,"1","banknote","skewness",0.8
-1.366,7.86,0.90539,1.5806,"1","banknote","skewness",0.8
-1.7064,0.36,-2.2829,-2.1978,"1","banknote","skewness",0.8
-0.41965,5.6,-1.7859,-2.2069,"1","banknote","skewness",0.8
0.37637,-5.83,0.78543,0.74524,"1","banknote","skewness",0.8
-0.55355,-16.88,6.7156,0.74394,"1","banknote","skewness",0.8
-1.6001,-14.18,9.4044,0.081882,"1","banknote","skewness",0.8
-0.37013,4.32,4.7749,1.547,"1","banknote","skewness",0.8
0.12126,4.27,-0.47327,0.97024,"1","banknote","skewness",0.8
-0.27068,3.3,-3.5562,-3.0888,"1","banknote","skewness",0.8
-5.119,6.69,-0.049987,-6.5206,"1","banknote","skewness",0.8
-1.3946,2.45,-0.44499,-1.4905,"1","banknote","skewness",0.8
-0.69879,-5.72,4.1211,1.5043,"1","banknote","skewness",0.8
-1.48,-7.53,9.9176,-0.5026,"1","banknote","skewness",0.8
-2.6649,-13.96,12.6689,-1.9082,"1","banknote","skewness",0.8
-0.62684,-7.84,4.7843,1.106,"1","banknote","skewness",0.8
0.518,-3.52,-0.84085,0.96118,"1","banknote","skewness",0.8
0.64376,10.77,-4.4738,-4.0483,"1","banknote","skewness",0.8
-2.9821,3.12,-0.5898,-3.9642,"1","banknote","skewness",0.8
-1.4628,1.18,2.4357,0.49826,"1","banknote","skewness",0.8
-1.7101,-12.85,7.9735,-0.45475,"1","banknote","skewness",0.8
-1.5572,-12.24,8.1088,-1.0806,"1","banknote","skewness",0.8
0.74428,-6.37,1.6131,1.5754,"1","banknote","skewness",0.8
2.0177,0.03,-2.9581,0.2099,"1","banknote","skewness",0.8
1.164,9.35,-4.5544,-3.8672,"1","banknote","skewness",0.8
-4.3667,6.76,0.57208,-5.4668,"1","banknote","skewness",0.8
-2.5919,-3.72,3.8949,0.77757,"1","banknote","skewness",0.8
-1.8046,-11.3,6.7019,1.1681,"1","banknote","skewness",0.8
-0.71868,-5.59,3.8298,1.0233,"1","banknote","skewness",0.8
1.4378,-0.7,-2.0267,1.0271,"1","banknote","skewness",0.8
2.1943,6.05,-4.976,-2.7254,"1","banknote","skewness",0.8
0.7376,-0.05,-4.7986,-5.6659,"1","banknote","skewness",0.8
-5.637,11.34,0.13081,-5.0142,"1","banknote","skewness",0.8
-3.0193,-0.62,0.73745,-0.45346,"1","banknote","skewness",0.8
-1.6706,-6,1.584,0.71162,"1","banknote","skewness",0.8
-0.1269,-1.08,-0.95138,0.57843,"1","banknote","skewness",0.8
1.2198,4.92,-3.1954,0.12843,"1","banknote","skewness",0.8
1.4501,-0.54,-4.0557,-1.5966,"1","banknote","skewness",0.8
-0.40857,4.32,-2.9607,-2.6892,"1","banknote","skewness",0.8
-3.8952,3.01,-0.31304,-3.8194,"1","banknote","skewness",0.8
-6.3679,11.72,0.4247,-3.2207,"1","banknote","skewness",0.8
-4.1429,-1.88,0.68261,-0.71984,"1","banknote","skewness",0.8
-2.6864,3.41,0.61663,0.061192,"1","banknote","skewness",0.8
-1.0555,-6.66,-1.6968,-0.46768,"1","banknote","skewness",0.8
-0.29858,5.07,-2.9512,-0.66165,"1","banknote","skewness",0.8
-0.49948,-2.33,-2.2469,-0.68104,"1","banknote","skewness",0.8
-1.9881,2.4,-0.28562,-0.70044,"1","banknote","skewness",0.8
-1.9389,5.93,0.045979,-1.122,"1","banknote","skewness",0.8
-1.4375,0.79,4.026,0.55127,"1","banknote","skewness",0.8
-3.1875,-6.08,11.8678,-0.57889,"1","banknote","skewness",0.8
-4.6765,-5.37,10.969,-0.33449,"1","banknote","skewness",0.8
-2.0285,1.99,-0.63435,-1.175,"1","banknote","skewness",0.8
0.26637,-9.14,-0.67891,0.03533,"1","banknote","skewness",0.8
-1.7589,-5.3,8.4773,0.31981,"1","banknote","skewness",0.8
-3.5985,-17.37,17.6052,-2.4927,"1","banknote","skewness",0.8
-3.3582,-7.62,11.4419,-0.57113,"1","banknote","skewness",0.8
-2.3629,-1.47,1.9336,1.1358,"1","banknote","skewness",0.8
-2.1802,-0.56,-1.2256,-2.6621,"1","banknote","skewness",0.8
-0.40951,13.64,0.060545,-0.088807,"1","banknote","skewness",0.8
-2.2918,-6.97,7.9597,0.9211,"1","banknote","skewness",0.8
-4.0214,-10.26,15.6199,-0.95647,"1","banknote","skewness",0.8
-3.3884,-9.57,10.3315,0.98187,"1","banknote","skewness",0.8
-2.0046,6.33,1.333,1.6543,"1","banknote","skewness",0.8
-1.7063,0.93,-2.378,-2.3491,"1","banknote","skewness",0.8
-1.6386,4.19,-1.7302,-3.5646,"1","banknote","skewness",0.8
-0.41645,-1.12,-0.33617,-0.36036,"1","banknote","skewness",0.8
-1.5877,-5.86,5.8022,0.31593,"1","banknote","skewness",0.8
-2.5961,1.18,9.7942,-0.28018,"1","banknote","skewness",0.8
-1.5228,-10.87,5.7568,0.87325,"1","banknote","skewness",0.8
-0.53072,0.37,-0.21793,1.0426,"1","banknote","skewness",0.8
-0.49081,5.43,-3.6436,-3.1004,"1","banknote","skewness",0.8
-6.5773,11.17,0.85483,-7.5344,"1","banknote","skewness",0.8
-2.4621,0.95,-0.62578,-2.8573,"1","banknote","skewness",0.8
-1.3995,-4.51,2.5154,0.59912,"1","banknote","skewness",0.8
-2.3221,-8.83,9.233,-0.79871,"1","banknote","skewness",0.8
-3.73,-13.3,12.9817,-2.684,"1","banknote","skewness",0.8
-1.6988,-6.64,5.7902,0.16723,"1","banknote","skewness",0.8
-0.26654,-3.72,-0.42014,0.89136,"1","banknote","skewness",0.8
0.33325,6.98,-4.5081,-4.012,"1","banknote","skewness",0.8
-4.2091,13.86,-0.49126,-5.2159,"1","banknote","skewness",0.8
-2.3142,-5.6,1.9833,-0.44829,"1","banknote","skewness",0.8
-2.4835,-13.17,6.8964,-0.64484,"1","banknote","skewness",0.8
-2.7611,-6.97,9.0239,-1.9547,"1","banknote","skewness",0.8
-0.36025,0.64,2.1067,0.94308,"1","banknote","skewness",0.8
1.0117,-6.83,-2.3506,0.42714,"1","banknote","skewness",0.8
0.96708,-1.4,-4.9314,-4.1323,"1","banknote","skewness",0.8
-5.2049,7.28,0.070827,-7.3004,"1","banknote","skewness",0.8
-3.3203,12.58,2.9618,-0.44958,"1","banknote","skewness",0.8
-2.565,-0.65,6.0122,0.046968,"1","banknote","skewness",0.8
-1.5951,-9.32,4.7689,-0.94354,"1","banknote","skewness",0.8
0.7049,6.07,-1.7859,0.36119,"1","banknote","skewness",0.8
1.7331,6.24,-4.7412,-2.5017,"1","banknote","skewness",0.8
0.6818,6.46,-5.2133,-6.1043,"1","banknote","skewness",0.8
-6.3364,11.13,0.014275,-6.7844,"1","banknote","skewness",0.8
-3.8053,6.41,0.6809,-1.0871,"1","banknote","skewness",0.8
-2.1979,-5.63,1.7151,0.45171,"1","banknote","skewness",0.8
-0.87874,-9.92,-0.051701,0.099985,"1","banknote","skewness",0.8
0.74067,1.55,-3.1963,-0.1457,"1","banknote","skewness",0.8
0.98296,13.48,-3.9692,-1.7116,"1","banknote","skewness",0.8
-0.3489,3.66,-3.4054,-3.1832,"1","banknote","skewness",0.8
-3.8552,9.82,-0.38415,-3.8608,"1","banknote","skewness",0.8
-6.9599,9.03,0.2182,-4.572,"1","banknote","skewness",0.8
-4.7462,-2.02,1.075,-1.2966,"1","banknote","skewness",0.8
-3.2051,-1.57,0.97565,0.045675,"1","banknote","skewness",0.8
-1.7549,2.08,-0.75774,-0.3707,"1","banknote","skewness",0.8
-0.59587,-1.86,-2.8673,-0.89828,"1","banknote","skewness",0.8
-0.89542,2.88,-2.3652,-1.2746,"1","banknote","skewness",0.8
-2.0754,4.92,-0.64206,-1.2642,"1","banknote","skewness",0.8
-3.2778,-0.65,0.1805,-2.3931,"1","banknote","skewness",0.8
-2.2183,-2.15,2.9986,0.36378,"1","banknote","skewness",0.8
-3.5895,-4.06,10.5251,-0.16381,"1","banknote","skewness",0.8
-5.0477,-7.17,11.244,-0.3901,"1","banknote","skewness",0.8
-3.5741,4.41,-0.07912,-2.1203,"1","banknote","skewness",0.8
-0.7351,9.26,-1.4938,-1.1582,"1","banknote","skewness",0.8
-2.2617,-4.48,6.3489,0.11162,"1","banknote","skewness",0.8
-4.244,-8.17,17.1116,-2.8017,"1","banknote","skewness",0.8
-4.0218,-5.13,12.555,-1.5099,"1","banknote","skewness",0.8
-3.0201,4.12,2.7056,0.85774,"1","banknote","skewness",0.8
-2.4941,11.44,-1.3721,-2.8483,"1","banknote","skewness",0.8
-0.83121,3.08,0.05369,-0.23105,"1","banknote","skewness",0.8
-2.5665,-13.45,7.5416,0.70774,"1","banknote","skewness",0.8
-4.4018,-5.14,15.6559,-1.6806,"1","banknote","skewness",0.8
-3.7573,-12.9,10.3032,0.38059,"1","banknote","skewness",0.8
-2.4725,-12.82,1.4855,1.1189,"1","banknote","skewness",0.8
-1.9725,-8.08,-2.3086,-2.3724,"1","banknote","skewness",0.8
-2.0149,7.87,-1.9385,-3.8918,"1","banknote","skewness",0.8
-0.82053,4.64,-0.48869,-0.52716,"1","banknote","skewness",0.8
-1.7886,-8.23,5.6154,0.42584,"1","banknote","skewness",0.8
-2.9138,-4.14,9.7668,-0.60216,"1","banknote","skewness",0.8
-1.8343,-12.15,5.6429,0.54998,"1","banknote","skewness",0.8
-0.8734,6.81,-0.20165,0.55774,"1","banknote","skewness",0.8
-0.70346,4.63,-3.5947,-3.1457,"1","banknote","skewness",0.8
-6.7387,2.67,0.67833,-7.5887,"1","banknote","skewness",0.8
-2.7723,-1.79,-0.9351,-3.1457,"1","banknote","skewness",0.8
-1.6641,-5.56,1.997,0.52283,"1","banknote","skewness",0.8
-2.4349,-8.21,8.9922,-0.50001,"1","banknote","skewness",0.8
-3.793,-4.26,12.7957,-2.825,"1","banknote","skewness",0.8
-1.9551,-0.93,5.5383,-0.12889,"1","banknote","skewness",0.8
-0.69078,-3.69,-0.35417,0.47498,"1","banknote","skewness",0.8
0.025013,7.24,-4.4327,-4.2655,"1","banknote","skewness",0.8
-4.3967,7.77,-0.64892,-5.4719,"1","banknote","skewness",0.8
-2.456,-4.99,1.4041,-0.45863,"1","banknote","skewness",0.8
-2.62,-4.28,6.2169,-0.62285,"1","banknote","skewness",0.8
-2.9662,-10.94,8.784,-2.1138,"1","banknote","skewness",0.8
-0.71494,-9.26,2.2241,0.49826,"1","banknote","skewness",0.8
0.6005,2.61,-2.2126,0.097399,"1","banknote","skewness",0.8
0.61652,-6.44,-4.7275,-4.3948,"1","banknote","skewness",0.8
-5.4414,8.42,0.10938,-7.5642,"1","banknote","skewness",0.8
-3.5798,2.3,2.3457,-0.45734,"1","banknote","skewness",0.8
-2.7769,-6.23,5.9179,0.37671,"1","banknote","skewness",0.8
-1.8356,-5.11,5.0585,-0.55044,"1","banknote","skewness",0.8
0.30081,1.74,-1.7542,0.48921,"1","banknote","skewness",0.8
1.3403,11.14,-4.7018,-2.5987,"1","banknote","skewness",0.8
0.26877,6.15,-5.1508,-6.3913,"1","banknote","skewness",0.8
-6.5235,5.76,-0.25392,-6.9642,"1","banknote","skewness",0.8
-4.0679,3.38,0.79571,-1.1039,"1","banknote","skewness",0.8
-2.564,-0.75,1.5026,0.32757,"1","banknote","skewness",0.8
-1.3414,-3.64,-0.15538,-0.11984,"1","banknote","skewness",0.8
0.23874,-2.54,-3.3522,-0.66553,"1","banknote","skewness",0.8
0.6212,5.05,-4.0771,-2.0711,"1","banknote","skewness",0.8
-0.77848,1.67,-3.4859,-3.5569,"1","banknote","skewness",0.8
-4.1244,0.44,-0.6532,-4.1802,"1","banknote","skewness",0.8
-7.0421,9.7,0.25933,-4.6832,"1","banknote","skewness",0.8
-4.9462,6.38,0.82742,-1.4957,"1","banknote","skewness",0.8
-3.5359,-4.24,0.6569,-0.2957,"1","banknote","skewness",0.8
-2.0662,-0.57,-1.0054,-0.82975,"1","banknote","skewness",0.8
-0.88728,1.92,-3.1432,-1.2035,"1","banknote","skewness",0.8
-1.0941,-0.21,-2.5237,-1.4453,"1","banknote","skewness",0.8
-2.4458,-3.73,-0.88541,-1.4802,"1","banknote","skewness",0.8
-3.551,-1.25,0.1865,-2.4409,"1","banknote","skewness",0.8
-2.2811,-3.79,2.7185,0.044382,"1","banknote","skewness",0.8
-3.6053,-9.68,10.0916,-0.82846,"1","banknote","skewness",0.8
-5.0676,6.78,10.4266,-0.86725,"1","banknote","skewness",0.8
-3.9204,13.37,-0.23678,-2.1151,"1","banknote","skewness",0.8
-1.1306,-0.28,-1.3575,-1.3806,"1","banknote","skewness",0.8
-2.4561,-0.81,6.4534,-0.056479,"1","banknote","skewness",0.8
-4.4775,-11.96,17.0834,-3.0345,"1","banknote","skewness",0.8
-4.1958,-3.72,12.1291,-1.6017,"1","banknote","skewness",0.8
-3.38,0.7,2.5325,0.71808,"1","banknote","skewness",0.8
-2.4365,3.4,-1.4166,-2.8948,"1","banknote","skewness",0.8
-0.77688,1.11,-0.031137,-0.35389,"1","banknote","skewness",0.8
-2.7083,-15.32,7.5339,0.59007,"1","banknote","skewness",0.8
-4.5531,-13.38,15.4417,-1.4983,"1","banknote","skewness",0.8
-3.8894,-10.23,9.8208,0.47498,"1","banknote","skewness",0.8
-2.5084,3.45,1.488,1.2069,"1","banknote","skewness",0.8
-2.1652,-3.92,-2.4132,-2.4241,"1","banknote","skewness",0.8
-1.8974,7.53,-1.7842,-3.8491,"1","banknote","skewness",0.8
-0.62043,6.21,-0.38587,-0.66423,"1","banknote","skewness",0.8
-1.8387,-7.78,5.6506,0.19567,"1","banknote","skewness",0.8
-3,-4.47,9.5766,-0.73018,"1","banknote","skewness",0.8
-1.9116,4.32,5.606,0.48533,"1","banknote","skewness",0.8
-1.005,2.47,-0.2462,0.45688,"1","banknote","skewness",0.8
-0.87834,0.99,-3.6778,-3.2944,"1","banknote","skewness",0.8
-6.651,-1.91,0.68604,-7.5887,"1","banknote","skewness",0.8
-2.5463,1.9,-0.83228,-3.0358,"1","banknote","skewness",0.8
-1.4377,-5.34,2.1144,0.42067,"1","banknote","skewness",0.8
-2.4554,-12.51,8.862,-0.86983,"1","banknote","skewness",0.8
-3.9411,-7.44,13.0597,-3.3125,"1","banknote","skewness",0.8
-2.1241,-8.79,5.5992,-0.47156,"1","banknote","skewness",0.8
-0.74324,2.61,-0.42785,0.23317,"1","banknote","skewness",0.8
-0.071503,3.7,-4.5415,-4.2526,"1","banknote","skewness",0.8
-4.2333,-1.23,-0.49212,-5.3207,"1","banknote","skewness",0.8
-2.3675,-2.27,1.692,-0.43018,"1","banknote","skewness",0.8
-2.5526,-14.86,6.9255,-0.66811,"1","banknote","skewness",0.8
-3.0986,-16.1,8.9717,-2.3427,"1","banknote","skewness",0.8
-0.89809,-5.1,2.2009,0.50731,"1","banknote","skewness",0.8
0.56232,6.71,-2.2726,-0.0060486,"1","banknote","skewness",0.8
0.53936,6.67,-4.8166,-4.3418,"1","banknote","skewness",0.8
-5.3012,15.24,0.029699,-7.3987,"1","banknote","skewness",0.8
-3.3553,9.34,2.6473,-0.37846,"1","banknote","skewness",0.8
-2.7908,-2.04,5.953,0.45946,"1","banknote","skewness",0.8
-1.9983,-5.35,4.8254,-0.41984,"1","banknote","skewness",0.8
0.15423,-7.52,-1.6823,0.59524,"1","banknote","skewness",0.8
1.208,4.95,-4.7635,-2.6129,"1","banknote","skewness",0.8
0.2952,-0.03,-5.149,-6.2323,"1","banknote","skewness",0.8
-6.4247,9.72,0.022844,-6.8517,"1","banknote","skewness",0.8
-3.9933,3.66,0.62863,-1.1595,"1","banknote","skewness",0.8
-2.659,2.33,1.3647,0.16464,"1","banknote","skewness",0.8
-1.4094,-4.77,-0.10397,-0.19225,"1","banknote","skewness",0.8
0.11032,4.92,-3.3668,-0.65259,"1","banknote","skewness",0.8
0.52374,6.07,-4.0746,-1.9909,"1","banknote","skewness",0.8
-0.76794,-1.09,-3.4405,-3.4276,"1","banknote","skewness",0.8
-3.9698,-0.28,-0.60008,-4.0133,"1","banknote","skewness",0.8
-7.0364,10.44,0.16594,-4.5396,"1","banknote","skewness",0.8
-4.9447,4.41,1.063,-1.444,"1","banknote","skewness",0.8
-3.5933,-3.43,0.7126,-0.3332,"1","banknote","skewness",0.8
-2.1674,-2.76,-1.0465,-0.86208,"1","banknote","skewness",0.8
-0.9607,2.81,-3.1226,-1.3121,"1","banknote","skewness",0.8
-1.0802,3.62,-2.5862,-1.2759,"1","banknote","skewness",0.8
-2.3277,-0.96,-0.82114,-1.2862,"1","banknote","skewness",0.8
-3.7244,6.79,-0.035421,-2.5095,"1","banknote","skewness",0.8
-2.5724,-4.9,2.7073,-0.16639,"1","banknote","skewness",0.8
-3.9297,-7.5,10.0958,-1.0147,"1","banknote","skewness",0.8
-5.2943,-7.41,10.3332,-1.1181,"1","banknote","skewness",0.8
-3.8953,1.34,-0.3019,-2.1836,"1","banknote","skewness",0.8
-1.2244,-6.16,-1.4801,-1.4181,"1","banknote","skewness",0.8
-2.6406,-6.5,5.983,-0.13924,"1","banknote","skewness",0.8
-4.6338,-10.9,16.7166,-3.2168,"1","banknote","skewness",0.8
-4.2887,-13.34,11.8387,-1.8978,"1","banknote","skewness",0.8
-3.3458,-8.68,2.6328,0.53705,"1","banknote","skewness",0.8
-1.1188,8.16,-1.3455,-1.9573,"1","banknote","skewness",0.8
0.55939,4.82,0.18307,0.44653,"1","banknote","skewness",0.8
-1.5078,-7.99,7.8981,1.2289,"1","banknote","skewness",0.8
-3.506,-7.75,15.1606,-0.75216,"1","banknote","skewness",0.8
-2.9498,-10.72,10.2646,1.1629,"1","banknote","skewness",0.8
-1.6029,-2.19,1.62,1.9103,"1","banknote","skewness",0.8
-1.2667,6.32,-2.426,-1.8862,"1","banknote","skewness",0.8
-0.49281,0.85,-1.8356,-2.834,"1","banknote","skewness",0.8
0.66365,3.12,-0.18794,0.23447,"1","banknote","skewness",0.8
-0.72068,-6.87,5.8408,0.62369,"1","banknote","skewness",0.8
-1.9966,-8.21,9.682,-0.12889,"1","banknote","skewness",0.8
-0.97325,-1.2,5.6026,1.0323,"1","banknote","skewness",0.8
-0.025314,2.82,-0.11339,1.2198,"1","banknote","skewness",0.8
0.062525,1.44,-3.5467,-2.6737,"1","banknote","skewness",0.8
-5.525,0.91,0.89768,-6.6241,"1","banknote","skewness",0.8
-1.2943,-0.46,-0.84085,-2.0323,"1","banknote","skewness",0.8
-0.24037,-6.71,2.135,1.2418,"1","banknote","skewness",0.8
-1.3968,-7.01,9.4652,-0.34872,"1","banknote","skewness",0.8
-2.9672,-13.29,13.4727,-2.6271,"1","banknote","skewness",0.8
-1.1005,-3.48,6.0139,0.36895,"1","banknote","skewness",0.8
0.22432,0.65,-0.40386,1.2017,"1","banknote","skewness",0.8
0.90407,4.74,-4.4987,-3.6965,"1","banknote","skewness",0.8
-2.8619,10.04,-0.58123,-4.2629,"1","banknote","skewness",0.8
-1.0833,2.6,1.2815,0.41291,"1","banknote","skewness",0.8
-1.5681,-11.96,6.5537,-0.1276,"1","banknote","skewness",0.8
-2.0545,-12.42,9.4926,-1.4116,"1","banknote","skewness",0.8
0.2346,-6.34,2.1195,1.4448,"1","banknote","skewness",0.8
1.581,9.68,-2.3138,0.82412,"1","banknote","skewness",0.8
1.5514,8.09,-4.9143,-3.7483,"1","banknote","skewness",0.8
-4.1479,9.87,-0.083404,-6.4172,"1","banknote","skewness",0.8
-2.2625,3.87,2.8127,0.48662,"1","banknote","skewness",0.8
-1.7479,1.93,5.8699,1.212,"1","banknote","skewness",0.8
-0.95923,-10.85,4.9857,0.32886,"1","banknote","skewness",0.8
1.3451,7.97,-1.8785,1.3258,"1","banknote","skewness",0.8
2.2279,-2.85,-4.8037,-2.1112,"1","banknote","skewness",0.8
1.2572,2.5,-5.2861,-5.8741,"1","banknote","skewness",0.8
-5.3857,9.95,-0.41929,-5.9181,"1","banknote","skewness",0.8
-2.9786,-3.23,0.52667,-0.40173,"1","banknote","skewness",0.8
-1.5851,-1.39,1.7082,0.9017,"1","banknote","skewness",0.8
-0.21888,-11.86,-0.0954,0.56421,"1","banknote","skewness",0.8
1.3183,3.46,-3.3111,0.065071,"1","banknote","skewness",0.8
1.4896,-2.73,-4.0309,-1.4259,"1","banknote","skewness",0.8
0.11592,5.03,-3.4302,-2.8457,"1","banknote","skewness",0.8
-3.3924,1.12,-0.72004,-3.5233,"1","banknote","skewness",0.8
-6.1632,8.1,-0.21621,-3.6345,"1","banknote","skewness",0.8
-4.0786,10.81,0.87026,-0.65389,"1","banknote","skewness",0.8
-2.5899,-4.79,0.93452,0.42972,"1","banknote","skewness",0.8
-1.0116,-5.63,-0.90597,0.003003,"1","banknote","skewness",0.8
0.066129,-1.52,-2.9401,-0.62156,"1","banknote","skewness",0.8
-0.24745,3.62,-2.4697,-0.80518,"1","banknote","skewness",0.8
-1.5732,0.7,-0.71232,-0.8388,"1","banknote","skewness",0.8
-2.1668,12.31,0.045122,-1.678,"1","banknote","skewness",0.8
-1.1667,-0.44,2.9241,0.66119,"1","banknote","skewness",0.8
-2.8391,-2.78,10.4849,-0.42113,"1","banknote","skewness",0.8
-4.5046,-8.13,10.8867,-0.52846,"1","banknote","skewness",0.8
-2.41,2.6,-0.40215,-1.2953,"1","banknote","skewness",0.8
0.40614,4.42,-1.4501,-0.55949,"1","banknote","skewness",0.8
-1.3887,-8.31,6.4774,0.34179,"1","banknote","skewness",0.8
-3.7503,-10.58,17.5932,-2.7771,"1","banknote","skewness",0.8
-3.5637,-11.55,12.393,-1.2823,"1","banknote","skewness",0.8
-2.5419,7.17,2.6842,1.1952,"1","banknote","skewness",0.8
