"Feature_0","Feature_1","Feature_2","Feature_3","Feature_4","Feature_5","Feature_6","Feature_7","Feature_8","Feature_9","class","dataset_name","altered_attribute","noise_level"
-3.639,0.418,-0.67,1.779,-0.168,1.66,-0.388,0.529,-0.874,-0.814,"P","vowel","Feature_5",0.1
-3.327,0.496,-0.694,1.365,-0.265,1.97,-0.363,0.51,-0.621,-0.488,"N","vowel","Feature_5",0.1
-2.12,0.894,-1.576,0.147,-0.707,1.52,-0.579,0.676,-0.809,-0.049,"N","vowel","Feature_5",0.1
-2.287,1.809,-1.498,1.012,-1.053,1.13,-0.567,0.235,-0.091,-0.795,"N","vowel","Feature_5",0.1
-2.598,1.938,-0.846,1.062,-1.633,0.82,0.394,-0.15,0.277,-0.396,"N","vowel","Feature_5",0.1
-2.852,1.914,-0.755,0.825,-1.588,0.94,0.217,-0.246,0.238,-0.365,"N","vowel","Feature_5",0.1
-3.482,2.524,-0.433,1.048,-1.995,0.85,0.322,0.45,0.377,-0.366,"N","vowel","Feature_5",0.1
-3.941,2.305,0.124,1.771,-1.815,0.65,-0.435,0.992,0.575,-0.301,"N","vowel","Feature_5",0.1
-3.86,2.116,-0.939,0.688,-0.675,1.67,-0.512,0.928,-0.167,-0.434,"N","vowel","Feature_5",0.1
-3.648,1.812,-1.378,1.578,0.065,1.63,-0.466,0.702,0.06,-0.836,"N","vowel","Feature_5",0.1
-3.032,1.739,-1.141,0.737,-0.834,1.38,-0.575,0.679,-0.018,-0.823,"N","vowel","Feature_5",0.1
-3.653,0.373,-0.6,1.705,-0.222,1.78,-0.353,0.537,-0.797,-0.813,"P","vowel","Feature_5",0.1
-3.237,0.436,-0.86,1.363,-0.251,1.85,-0.395,0.751,-0.774,-0.327,"N","vowel","Feature_5",0.1
-2.135,0.954,-1.632,0.121,-0.704,1.66,-0.628,0.713,-0.903,-0.027,"N","vowel","Feature_5",0.1
-2.304,1.784,-1.506,0.981,-0.961,0.72,-0.294,-0.002,0.119,-0.76,"N","vowel","Feature_5",0.1
-2.54,2.144,-1.024,0.933,-1.567,1.06,0.188,-0.047,0.309,-0.633,"N","vowel","Feature_5",0.1
-2.826,2.003,-0.738,0.801,-1.669,0.93,0.245,-0.257,0.256,-0.458,"N","vowel","Feature_5",0.1
-3.582,2.374,-0.358,1.162,-1.953,0.53,0.339,0.355,0.415,-0.259,"N","vowel","Feature_5",0.1
-3.951,2.25,0.127,1.772,-1.906,0.46,-0.432,1.045,0.598,-0.293,"N","vowel","Feature_5",0.1
-3.783,1.974,-1.2,0.606,-0.65,1.37,-0.134,0.528,0.392,-0.58,"N","vowel","Feature_5",0.1
-3.673,1.811,-1.405,1.621,0.044,1.62,-0.453,0.745,-0.066,-0.733,"N","vowel","Feature_5",0.1
-2.946,1.649,-1.167,0.788,-0.909,1.28,-0.562,0.902,-0.07,-0.842,"N","vowel","Feature_5",0.1
-3.665,0.337,-0.641,1.791,-0.194,1.75,-0.359,0.57,-0.676,-0.841,"P","vowel","Feature_5",0.1
-3.165,0.408,-0.971,1.207,-0.298,1.86,-0.215,0.723,-0.492,-0.425,"N","vowel","Feature_5",0.1
-2.105,1.035,-1.705,0.231,-0.558,1.58,-0.649,0.71,-0.855,-0.151,"N","vowel","Feature_5",0.1
-2.312,1.746,-1.51,1.019,-0.99,0.91,-0.488,0.208,0.033,-0.847,"N","vowel","Feature_5",0.1
-2.635,2.147,-1.129,0.911,-1.407,1.07,-0.071,0.118,0.139,-0.685,"N","vowel","Feature_5",0.1
-2.887,2.131,-0.83,0.682,-1.557,0.85,0.448,-0.382,0.207,-0.402,"N","vowel","Feature_5",0.1
-3.635,2.25,-0.394,1.012,-1.693,0.2,0.665,0.281,0.343,-0.003,"N","vowel","Feature_5",0.1
-3.986,2.325,0.102,1.633,-2.014,0.61,-0.344,1.003,0.566,-0.245,"N","vowel","Feature_5",0.1
-3.712,1.816,-1.171,0.647,-0.767,1.69,-0.347,0.92,0.159,-0.359,"N","vowel","Feature_5",0.1
-3.74,1.832,-1.384,1.587,0.049,1.7,-0.516,0.707,-0.169,-0.522,"N","vowel","Feature_5",0.1
-2.859,1.627,-1.14,0.769,-0.948,1.39,-0.608,0.956,-0.204,-0.727,"N","vowel","Feature_5",0.1
-3.624,0.305,-0.708,1.758,-0.194,1.67,-0.273,0.561,-0.577,-0.843,"P","vowel","Feature_5",0.1
-3.062,0.351,-1.071,1.061,-0.355,2.01,-0.21,0.796,-0.358,-0.299,"N","vowel","Feature_5",0.1
-2.081,1.05,-1.778,0.411,-0.518,1.47,-0.576,0.735,-0.866,-0.172,"N","vowel","Feature_5",0.1
-2.289,1.845,-1.616,0.987,-0.876,1.05,-0.549,0.196,-0.07,-0.814,"N","vowel","Feature_5",0.1
-2.724,2.067,-1.142,0.923,-1.157,1.13,-0.276,0.172,-0.008,-0.649,"N","vowel","Feature_5",0.1
-3.015,2.232,-0.899,0.574,-1.331,0.52,0.61,-0.452,0.035,-0.156,"N","vowel","Feature_5",0.1
-3.559,2.126,-0.445,1.053,-1.765,0.31,0.546,0.321,0.443,-0.118,"N","vowel","Feature_5",0.1
-4.074,2.281,0.152,1.556,-1.613,-0.03,0.222,0.252,0.775,0.125,"N","vowel","Feature_5",0.1
-3.618,1.576,-1.14,0.699,-0.741,1.63,-0.387,1.086,0.235,-0.388,"N","vowel","Feature_5",0.1
-3.687,1.784,-1.593,1.603,0.123,1.5,-0.225,0.441,0.206,-0.714,"N","vowel","Feature_5",0.1
-2.69,1.652,-1.261,0.674,-0.964,1.46,-0.593,1.005,-0.303,-0.541,"N","vowel","Feature_5",0.1
-3.593,0.29,-0.782,1.707,-0.175,1.68,-0.137,0.493,-0.492,-0.926,"P","vowel","Feature_5",0.1
-3.046,0.387,-1.165,0.94,-0.386,1.95,-0.186,0.811,-0.394,-0.198,"N","vowel","Feature_5",0.1
-2.255,0.902,-1.723,0.454,-0.524,1.4,-0.614,0.761,-0.885,-0.118,"N","vowel","Feature_5",0.1
-2.299,1.848,-1.695,1.065,-0.861,1.12,-0.607,0.313,-0.253,-0.759,"N","vowel","Feature_5",0.1
-2.911,1.928,-1.131,0.899,-0.911,1.21,-0.208,-0.047,-0.029,-0.539,"N","vowel","Feature_5",0.1
-3.089,2.339,-0.973,0.463,-1.169,0.62,0.598,-0.45,-0.08,-0.039,"N","vowel","Feature_5",0.1
-3.459,2.086,-0.595,0.937,-1.841,0.62,0.457,0.4,0.473,-0.211,"N","vowel","Feature_5",0.1
-4.208,2.447,0.049,1.331,-2.088,0.55,-0.05,0.82,0.606,-0.302,"N","vowel","Feature_5",0.1
-3.543,1.391,-1.22,0.699,-0.769,1.52,-0.379,1.158,0.181,-0.178,"N","vowel","Feature_5",0.1
-3.684,1.774,-1.728,1.611,0.1,1.43,-0.193,0.554,0.245,-0.919,"N","vowel","Feature_5",0.1
-2.596,1.56,-1.249,0.656,-1.095,1.26,-0.55,1.006,-0.15,-0.553,"N","vowel","Feature_5",0.1
-3.604,0.235,-0.836,1.786,-0.153,1.65,-0.096,0.488,-0.524,-1.003,"P","vowel","Feature_5",0.1
-3.171,0.49,-1.128,0.911,-0.388,2,-0.212,0.707,-0.551,-0.187,"N","vowel","Feature_5",0.1
-2.302,0.85,-1.646,0.455,-0.488,1.42,-0.617,0.819,-0.887,-0.08,"N","vowel","Feature_5",0.1
-2.368,1.727,-1.556,1.162,-0.819,0.9,-0.572,0.345,-0.279,-0.736,"N","vowel","Feature_5",0.1
-3.141,1.873,-1.131,0.941,-0.759,1.16,-0.354,0.016,-0.218,-0.568,"N","vowel","Feature_5",0.1
-3.065,2.372,-1.002,0.496,-1.295,0.8,0.327,-0.404,0.067,-0.155,"N","vowel","Feature_5",0.1
-3.473,2.178,-0.82,0.706,-1.71,0.66,0.422,0.351,0.426,-0.267,"N","vowel","Feature_5",0.1
-4.238,2.437,0.036,1.158,-2.127,0.55,0.12,0.823,0.565,-0.293,"N","vowel","Feature_5",0.1
-3.546,1.258,-1.227,0.823,-0.702,1.72,-0.397,1.333,-0.277,0.013,"N","vowel","Feature_5",0.1
-3.869,1.86,-1.646,1.612,0.044,1.57,-0.493,0.862,-0.106,-1.001,"N","vowel","Feature_5",0.1
-2.666,1.516,-1.198,0.741,-1.066,1.29,-0.574,0.965,-0.13,-0.711,"N","vowel","Feature_5",0.1
-4.102,0.209,0.414,0.423,0.985,1.48,0.663,0.036,-0.784,-0.668,"P","vowel","Feature_5",0.1
-1.372,-0.03,-1.003,-0.388,-0.471,1.04,0.654,0.823,0.558,0.043,"N","vowel","Feature_5",0.1
-1.816,0.458,-0.947,-0.341,0.085,0.74,0.144,0.462,-0.24,-0.266,"N","vowel","Feature_5",0.1
-1.954,1.595,-1.593,0.37,-0.136,0.11,0.034,0.321,-0.19,-0.491,"N","vowel","Feature_5",0.1
-2.654,2.39,-0.008,0.07,-1.063,0.25,-0.105,0.281,0.488,-0.382,"N","vowel","Feature_5",0.1
-2.321,1.303,0.32,-0.085,-0.278,-0.07,-0.094,-0.283,0.852,0.022,"N","vowel","Feature_5",0.1
-3.141,3.314,-0.996,-0.394,-0.19,-0.25,0.137,0.631,0.547,-0.247,"N","vowel","Feature_5",0.1
-3.941,3.353,0.486,-0.506,-1.12,0.07,0.297,0.711,-0.078,0.648,"N","vowel","Feature_5",0.1
-4.161,2.937,0.157,0.336,-0.968,0.68,0.088,0.237,0.565,0.823,"N","vowel","Feature_5",0.1
-4.52,2.231,-0.088,0.513,-0.528,1.17,0.198,0.242,0.161,0.769,"N","vowel","Feature_5",0.1
-3.088,1.389,0.048,-0.216,-0.329,0.89,0.045,-0.075,0.101,-0.134,"N","vowel","Feature_5",0.1
-4.275,0.162,0.728,0.662,0.94,1.36,0.711,0.073,-0.827,-0.655,"P","vowel","Feature_5",0.1
-1.657,0.056,-1.044,-0.32,-0.316,1.38,0.638,0.8,0.298,-0.159,"N","vowel","Feature_5",0.1
-1.709,0.486,-0.953,-0.346,0.02,0.85,0.145,0.564,-0.229,-0.322,"N","vowel","Feature_5",0.1
-1.952,1.469,-1.375,0.105,-0.154,0.11,-0.047,0.336,-0.098,-0.41,"N","vowel","Feature_5",0.1
-2.67,2.696,-0.231,-0.028,-1.014,0.48,-0.137,0.448,0.285,-0.482,"N","vowel","Feature_5",0.1
-2.441,1.415,0.386,-0.335,-0.187,-0.03,0,-0.175,0.792,-0.026,"N","vowel","Feature_5",0.1
-3.146,3.076,-0.683,-0.032,-0.693,-0.08,-0.267,0.476,0.982,-0.352,"N","vowel","Feature_5",0.1
-3.902,3.586,0.334,-0.669,-1.087,0.17,0.461,0.812,-0.185,0.535,"N","vowel","Feature_5",0.1
-4.267,3.01,0.172,0.028,-0.827,0.55,0.099,0.326,0.34,0.696,"N","vowel","Feature_5",0.1
-4.65,2.455,0.013,0.681,-0.8,1.43,0.126,0.036,0.382,0.278,"N","vowel","Feature_5",0.1
-3.03,1.185,0.314,-0.121,-0.591,0.9,0.353,-0.137,-0.221,0.075,"N","vowel","Feature_5",0.1
-4.473,0.373,0.858,0.919,0.778,1.21,0.653,-0.216,-0.891,-0.627,"P","vowel","Feature_5",0.1
-1.856,0.063,-1.011,-0.238,-0.152,1.4,0.572,0.775,0.154,-0.31,"N","vowel","Feature_5",0.1
-1.976,0.389,-0.947,-0.25,-0.065,1.01,0.127,0.478,-0.323,-0.345,"N","vowel","Feature_5",0.1
-1.914,1.473,-1.342,-0.013,-0.213,0.25,0.005,0.229,-0.009,-0.445,"N","vowel","Feature_5",0.1
-2.7,2.83,-0.389,0.032,-0.958,0.41,-0.168,0.519,0.169,-0.525,"N","vowel","Feature_5",0.1
-2.554,1.117,0.42,-0.022,-0.645,0.02,0.145,-0.327,0.66,0.073,"N","vowel","Feature_5",0.1
-3.054,3.104,-0.513,-0.085,-0.952,0.31,-0.269,0.459,0.892,-0.308,"N","vowel","Feature_5",0.1
-3.84,3.745,0.121,-0.656,-1.066,0.39,0.734,0.875,-0.295,0.418,"N","vowel","Feature_5",0.1
-4.323,2.853,0.385,0.209,-1.096,0.46,0.119,0.268,0.131,0.654,"N","vowel","Feature_5",0.1
-4.676,2.537,0.075,0.73,-0.933,1.52,0.049,0.076,0.254,0.276,"N","vowel","Feature_5",0.1
-2.922,1.516,-0.002,-0.353,-0.464,1.24,0.383,-0.175,-0.346,-0.033,"N","vowel","Feature_5",0.1
-4.477,0.246,1.087,1.108,0.682,1.07,0.424,-0.264,-1.195,-0.52,"P","vowel","Feature_5",0.1
-1.895,-0.012,-0.97,-0.152,-0.161,1.46,0.487,0.809,0.044,-0.264,"N","vowel","Feature_5",0.1
-1.945,0.352,-1.053,-0.228,-0.12,0.86,0.088,0.509,-0.279,-0.246,"N","vowel","Feature_5",0.1
-1.912,1.554,-1.455,-0.017,-0.118,0.21,-0.037,0.163,-0.027,-0.474,"N","vowel","Feature_5",0.1
-2.724,2.998,-0.56,-0.077,-0.944,0.48,-0.08,0.4,0.144,-0.63,"N","vowel","Feature_5",0.1
-2.385,1.241,0.272,-0.04,-0.692,0.13,-0.061,-0.189,0.744,0.088,"N","vowel","Feature_5",0.1
-3.092,3.014,-0.307,-0.016,-0.956,0.16,-0.227,0.367,0.958,-0.092,"N","vowel","Feature_5",0.1
-3.917,3.496,0.409,-0.531,-1.15,0,0.605,0.977,-0.328,0.447,"N","vowel","Feature_5",0.1
-4.232,3.035,0.428,0.497,-1.374,0.58,0.133,0.232,0.129,0.487,"N","vowel","Feature_5",0.1
-4.759,2.696,0.104,0.697,-0.787,1.1,0.205,-0.066,0.369,0.306,"N","vowel","Feature_5",0.1
-2.945,1.724,-0.312,-0.239,-0.447,1.44,0.014,-0.102,0.021,-0.564,"N","vowel","Feature_5",0.1
-4.314,-0.106,1.044,1.192,0.687,0.78,0.158,-0.193,-1.342,-0.447,"P","vowel","Feature_5",0.1
-2.05,0.065,-0.938,-0.037,0.082,1.61,0.393,0.835,-0.029,-0.394,"N","vowel","Feature_5",0.1
-1.804,0.431,-1,-0.427,-0.094,0.82,0.084,0.636,-0.275,-0.214,"N","vowel","Feature_5",0.1
-1.978,1.542,-1.487,-0.096,-0.025,0.25,-0.063,0.097,-0.073,-0.381,"N","vowel","Feature_5",0.1
-2.748,3.217,-0.976,-0.213,-0.792,0.75,-0.032,0.223,0.043,-0.825,"N","vowel","Feature_5",0.1
-2.351,1.53,0.086,-0.075,-0.426,0.12,-0.197,0.033,0.848,-0.038,"N","vowel","Feature_5",0.1
-3.105,2.916,-0.207,0.031,-0.897,0.01,-0.229,0.256,1.073,-0.065,"N","vowel","Feature_5",0.1
-3.985,3.614,0.584,-0.42,-1.105,-0.18,0.348,0.885,-0.165,0.65,"N","vowel","Feature_5",0.1
-4.16,3.329,0.275,0.394,-1.287,0.64,0.483,0.121,0.286,0.153,"N","vowel","Feature_5",0.1
-4.88,3.064,0.06,0.434,-0.575,1.01,0.25,0.085,0.093,0.445,"N","vowel","Feature_5",0.1
-3.082,1.633,-0.118,-0.147,-0.484,1.15,-0.086,-0.072,0.086,-0.564,"N","vowel","Feature_5",0.1
-4.158,-0.342,0.9,1.09,0.56,0.88,0.395,-0.328,-1.52,-0.498,"P","vowel","Feature_5",0.1
-2.441,0.191,-0.814,0.255,0.411,1.58,0.395,0.761,-0.005,-0.564,"N","vowel","Feature_5",0.1
-1.672,0.328,-0.833,-0.577,-0.363,0.87,0.18,0.682,-0.124,-0.109,"N","vowel","Feature_5",0.1
-2.051,1.508,-1.641,-0.058,-0.102,0.25,-0.021,0.109,-0.147,-0.298,"N","vowel","Feature_5",0.1
-2.788,3.194,-1.142,-0.313,-0.58,0.34,0.281,0.082,0.109,-0.858,"N","vowel","Feature_5",0.1
-2.489,1.773,-0.18,-0.152,-0.353,0.11,-0.186,0.207,0.788,-0.285,"N","vowel","Feature_5",0.1
-3.065,3.139,-0.461,-0.221,-0.759,-0.06,0.068,0.274,0.999,-0.331,"N","vowel","Feature_5",0.1
-3.963,3.938,0.466,-0.564,-1.042,-0.02,0.241,0.888,-0.032,0.798,"N","vowel","Feature_5",0.1
-4.136,3.582,-0.407,-0.038,-0.687,0.99,0.491,0.157,0.305,0.028,"N","vowel","Feature_5",0.1
-4.944,3.325,0.015,0.079,-0.593,1.06,0.337,0.296,-0.453,0.371,"N","vowel","Feature_5",0.1
-3.058,1.678,-0.351,-0.255,0.038,0.7,-0.173,0.226,0.202,-0.593,"N","vowel","Feature_5",0.1
-1.202,-0.253,-2.487,0.809,-0.367,2.22,0.32,1.034,-1.385,-0.706,"P","vowel","Feature_5",0.1
-1.077,0.511,-2.006,0.305,-0.584,1.87,0.089,1.406,-0.669,-0.027,"N","vowel","Feature_5",0.1
-1.768,0.786,-1.468,1.077,-0.347,1.8,-0.171,1.076,-0.691,-0.06,"N","vowel","Feature_5",0.1
-1.737,1.789,-1.046,1.071,-0.775,1.07,-0.025,0.925,-0.452,0.007,"N","vowel","Feature_5",0.1
-2.432,2.126,-0.218,1.422,-1.169,0.43,-0.393,1.326,-0.067,0.225,"N","vowel","Feature_5",0.1
-2.125,1.952,-0.415,1.458,-0.985,0.5,-0.344,1.249,-0.37,0.145,"N","vowel","Feature_5",0.1
-2.607,2.406,-0.088,1.586,-1.477,0.22,-0.527,1.551,0.033,0.522,"N","vowel","Feature_5",0.1
-3.813,3.705,-0.157,1.561,-1.503,-0.31,-0.581,1.412,0.29,-0.099,"N","vowel","Feature_5",0.1
-3.05,1.6,-0.686,1.543,-1.149,0,0.297,0.727,0.598,0.458,"N","vowel","Feature_5",0.1
-3.972,2.279,-0.62,0.954,-1.09,0.74,0.717,0.3,1.309,0.171,"N","vowel","Feature_5",0.1
-2.979,1.795,-0.87,1.427,-0.93,1.34,-0.212,1.286,-0.135,-0.496,"N","vowel","Feature_5",0.1
-1.298,-0.295,-2.433,0.955,-0.278,2.3,0.285,0.915,-1.569,-0.562,"P","vowel","Feature_5",0.1
-1.012,0.516,-2.041,0.32,-0.634,1.96,0.041,1.414,-0.687,0.047,"N","vowel","Feature_5",0.1
-1.501,0.847,-1.619,0.92,-0.488,1.64,-0.161,1.127,-0.613,-0.051,"N","vowel","Feature_5",0.1
-1.674,1.711,-1.04,1.136,-0.869,1.01,-0.157,0.946,-0.361,0.02,"N","vowel","Feature_5",0.1
-2.308,2.023,-0.203,1.493,-1.223,0.36,-0.481,1.403,-0.045,0.402,"N","vowel","Feature_5",0.1
-2.155,2.027,-0.393,1.354,-1.045,0.65,-0.246,1.279,-0.396,0.177,"N","vowel","Feature_5",0.1
-2.652,2.156,-0.053,1.694,-1.258,0.05,-0.61,1.397,0.133,0.602,"N","vowel","Feature_5",0.1
-3.834,3.749,-0.183,1.518,-1.585,-0.25,-0.334,1.191,0.425,-0.104,"N","vowel","Feature_5",0.1
-3.33,1.529,-0.552,2.023,-0.845,0.04,0.049,0.512,0.396,0.386,"N","vowel","Feature_5",0.1
-4.17,2.232,-0.389,1.211,-1.011,0.55,0.543,0.218,1.206,0.044,"N","vowel","Feature_5",0.1
-2.867,1.391,-0.817,1.595,-0.883,1.12,-0.427,1.159,0.17,-0.456,"N","vowel","Feature_5",0.1
-1.393,-0.305,-2.29,1.1,-0.254,2.29,0.363,0.795,-1.521,-0.756,"P","vowel","Feature_5",0.1
-0.941,0.539,-2.02,0.314,-0.679,1.9,0.028,1.504,-0.632,0.111,"N","vowel","Feature_5",0.1
-1.332,0.848,-1.665,0.97,-0.463,1.47,-0.159,1.101,-0.541,-0.05,"N","vowel","Feature_5",0.1
-1.57,1.655,-1.04,1.16,-0.923,0.95,-0.231,0.955,-0.273,0.065,"N","vowel","Feature_5",0.1
-2.227,1.993,-0.156,1.554,-1.19,0.35,-0.548,1.362,-0.013,0.369,"N","vowel","Feature_5",0.1
-2.043,1.95,-0.435,1.341,-1.049,0.58,-0.237,1.237,-0.283,0.306,"N","vowel","Feature_5",0.1
-2.679,1.731,-0.09,2.003,-1.009,0,-0.822,1.232,0.128,0.72,"N","vowel","Feature_5",0.1
-3.836,3.699,-0.225,1.52,-1.729,-0.15,0.064,0.97,0.5,-0.13,"N","vowel","Feature_5",0.1
-3.478,1.703,-0.557,2.191,-1.043,0.32,-0.004,0.587,0.45,0.006,"N","vowel","Feature_5",0.1
-4.333,2.438,-0.219,1.372,-0.761,0.26,0.594,-0.022,1.103,0.19,"N","vowel","Feature_5",0.1
-2.704,1.285,-0.908,1.57,-0.84,1.09,-0.399,0.951,0.345,-0.695,"N","vowel","Feature_5",0.1
-1.417,-0.319,-2.254,1.072,-0.221,2.21,0.43,0.923,-1.486,-0.698,"P","vowel","Feature_5",0.1
-0.961,0.514,-1.951,0.364,-0.68,1.84,0.047,1.539,-0.63,0.094,"N","vowel","Feature_5",0.1
-1.22,0.831,-1.674,0.94,-0.425,1.45,-0.063,1.135,-0.422,0.06,"N","vowel","Feature_5",0.1
-1.501,1.611,-1.003,1.156,-0.883,0.93,-0.169,0.862,-0.151,0.164,"N","vowel","Feature_5",0.1
-2.176,1.952,-0.144,1.659,-1.128,0.26,-0.658,1.346,0.008,0.505,"N","vowel","Feature_5",0.1
-1.891,1.776,-0.518,1.461,-1.05,0.63,-0.307,1.152,-0.239,0.325,"N","vowel","Feature_5",0.1
-2.624,1.653,-0.156,2.023,-1.052,0.09,-0.752,1.341,0.196,0.71,"N","vowel","Feature_5",0.1
-3.763,3.252,-0.262,1.52,-1.684,-0.15,0.235,0.989,0.616,0.046,"N","vowel","Feature_5",0.1
-3.549,1.905,-0.509,1.963,-1.2,0.85,-0.157,0.842,0.625,-0.586,"N","vowel","Feature_5",0.1
-4.373,2.463,-0.171,1.501,-0.639,0.36,0.518,-0.114,1.127,0.332,"N","vowel","Feature_5",0.1
-2.562,1.361,-0.94,1.333,-1.047,1.19,-0.316,1.055,0.354,-0.77,"N","vowel","Feature_5",0.1
-1.384,-0.321,-2.266,0.937,-0.289,2.41,0.463,1.096,-1.436,-0.701,"P","vowel","Feature_5",0.1
-1.123,0.415,-1.954,0.563,-0.465,1.98,0.027,1.614,-0.568,0.007,"N","vowel","Feature_5",0.1
-1.28,0.798,-1.647,0.968,-0.418,1.66,-0.031,1.224,-0.374,0.044,"N","vowel","Feature_5",0.1
-1.475,1.557,-1.009,1.202,-0.846,0.94,-0.138,0.822,-0.165,0.198,"N","vowel","Feature_5",0.1
-2.205,1.804,-0.199,1.773,-1.089,0.37,-0.621,1.247,0.137,0.406,"N","vowel","Feature_5",0.1
-1.824,1.682,-0.669,1.483,-1.036,0.71,-0.249,1.193,-0.274,0.224,"N","vowel","Feature_5",0.1
-2.574,1.814,-0.167,1.826,-1.156,0.13,-0.609,1.543,0.11,0.75,"N","vowel","Feature_5",0.1
-3.693,3.067,-0.273,1.619,-1.905,-0.01,0.006,1.347,0.346,0.36,"N","vowel","Feature_5",0.1
-3.545,1.926,-0.512,1.732,-1.109,0.91,0.021,0.82,0.731,-0.639,"N","vowel","Feature_5",0.1
-4.386,2.271,-0.157,1.536,-0.614,0.29,0.57,-0.117,1.074,0.397,"N","vowel","Feature_5",0.1
-2.53,1.492,-0.936,1.21,-1.154,1.39,-0.267,1.149,0.226,-0.77,"N","vowel","Feature_5",0.1
-1.215,-0.288,-2.423,0.834,-0.379,2.22,0.503,1.337,-1.36,-0.682,"P","vowel","Feature_5",0.1
-1.4,0.316,-1.894,0.83,-0.242,2.03,0.003,1.667,-0.515,-0.087,"N","vowel","Feature_5",0.1
-1.494,0.663,-1.58,1.191,-0.252,1.69,-0.072,1.189,-0.409,0.09,"N","vowel","Feature_5",0.1
-1.512,1.492,-1.053,1.262,-0.809,1,-0.122,0.807,-0.206,0.145,"N","vowel","Feature_5",0.1
-2.274,1.653,-0.226,1.857,-0.971,0.34,-0.605,1.121,0.121,0.291,"N","vowel","Feature_5",0.1
-1.804,1.556,-0.803,1.388,-0.989,0.75,-0.029,0.963,-0.228,0.297,"N","vowel","Feature_5",0.1
-2.447,1.914,-0.208,1.641,-1.159,0.04,-0.539,1.58,0.058,0.786,"N","vowel","Feature_5",0.1
-3.675,3.132,-0.241,1.587,-1.75,-0.15,0.039,1.052,0.545,0.233,"N","vowel","Feature_5",0.1
-3.425,1.724,-0.638,1.573,-1.041,1.19,-0.124,1.258,0.548,-0.507,"N","vowel","Feature_5",0.1
-4.376,2.216,-0.269,1.32,-0.66,0.18,0.719,0.008,1.058,0.472,"N","vowel","Feature_5",0.1
-2.52,1.52,-0.959,1.296,-1.103,1.14,-0.268,1.249,0.092,-0.682,"N","vowel","Feature_5",0.1
-1.548,-0.4,-1.659,0.244,-0.101,1.63,0.551,1.248,0.129,-0.456,"P","vowel","Feature_5",0.1
-1.614,0.287,-1.195,-0.252,-0.257,1.24,0.281,0.898,0.188,-0.423,"N","vowel","Feature_5",0.1
-1.891,0.988,-1.06,0.119,0.59,0.23,0.372,0.39,-0.376,-0.655,"N","vowel","Feature_5",0.1
-2.03,1.764,-0.386,-0.249,0.18,0.2,0.096,-0.121,0.067,-0.552,"N","vowel","Feature_5",0.1
-2.55,2.629,0.084,-0.159,-0.882,0.1,-0.19,0.961,0.032,-0.589,"N","vowel","Feature_5",0.1
-2.464,1.968,0.026,0.078,-0.542,0.06,0.051,0.596,0.26,-0.437,"N","vowel","Feature_5",0.1
-3.193,2.026,0.83,0.813,-1.205,-0.03,-0.95,0.786,1.045,0.21,"N","vowel","Feature_5",0.1
-3.566,1.504,0.94,1.829,-1.224,0.21,-1.454,0.92,0.767,1.059,"N","vowel","Feature_5",0.1
-3.299,1.73,0.187,0.121,-1.251,0.77,-0.366,1.091,0.493,0.436,"N","vowel","Feature_5",0.1
-3.601,0.742,-0.238,0.332,-0.561,1.29,-0.014,0.844,0.558,0.659,"N","vowel","Feature_5",0.1
-2.439,0.789,0.082,0.242,-0.693,0.58,-0.353,0.702,0.413,0.098,"N","vowel","Feature_5",0.1
-1.507,-0.457,-1.728,0.256,-0.081,1.59,0.556,1.291,0.121,-0.456,"P","vowel","Feature_5",0.1
-1.425,0.256,-1.13,-0.284,-0.394,1.34,0.306,0.893,0.272,-0.378,"N","vowel","Feature_5",0.1
-1.814,0.923,-0.931,0.12,0.425,0.58,0.237,0.426,-0.184,-0.727,"N","vowel","Feature_5",0.1
-2.007,1.814,-0.581,-0.027,0.127,0.05,0.089,-0.016,0.115,-0.719,"N","vowel","Feature_5",0.1
-2.559,2.3,0.408,-0.001,-1.077,0.23,-0.254,0.975,0.07,-0.47,"N","vowel","Feature_5",0.1
-2.431,1.873,0.208,0.123,-0.634,0.17,0.04,0.612,0.446,-0.562,"N","vowel","Feature_5",0.1
-3.24,1.749,0.959,1.071,-1.188,-0.03,-1.024,0.664,1.007,0.443,"N","vowel","Feature_5",0.1
-3.565,1.363,0.958,1.976,-1.268,0.22,-1.363,0.72,0.738,1.145,"N","vowel","Feature_5",0.1
-3.198,1.373,0.392,0.423,-1.203,0.68,-0.428,0.994,0.576,0.865,"N","vowel","Feature_5",0.1
-3.772,0.904,-0.195,0.317,-0.473,1.17,-0.043,0.898,0.536,0.503,"N","vowel","Feature_5",0.1
-2.434,0.87,0.127,0.224,-0.811,0.74,-0.233,0.705,0.408,0.136,"N","vowel","Feature_5",0.1
-1.656,-0.496,-1.719,0.363,-0.002,1.66,0.535,1.319,-0.012,-0.49,"P","vowel","Feature_5",0.1
-1.388,0.215,-1.105,-0.295,-0.39,1.32,0.356,0.816,0.292,-0.376,"N","vowel","Feature_5",0.1
-1.764,0.888,-1.001,0.197,0.3,0.73,0.159,0.557,-0.301,-0.65,"N","vowel","Feature_5",0.1
-2.026,1.75,-0.526,-0.131,0.266,0,0.084,0.063,0.047,-0.691,"N","vowel","Feature_5",0.1
-2.531,1.802,0.739,0.236,-1.169,-0.06,-0.349,0.903,0.123,-0.119,"N","vowel","Feature_5",0.1
-2.375,1.642,0.308,0.255,-0.82,0.27,-0.092,0.874,0.367,-0.525,"N","vowel","Feature_5",0.1
-3.179,1.346,0.988,1.32,-0.852,0.06,-1.234,0.347,1.02,0.771,"N","vowel","Feature_5",0.1
-3.57,1.366,0.97,1.957,-1.262,-0.02,-1.275,0.585,0.754,0.993,"N","vowel","Feature_5",0.1
-3.169,1.041,0.509,0.693,-1.185,0.7,-0.352,0.877,0.434,1.009,"N","vowel","Feature_5",0.1
-4.066,1.05,-0.049,0.458,-0.357,1.31,-0.129,0.848,0.509,0.317,"N","vowel","Feature_5",0.1
-2.483,0.81,0.185,0.284,-0.917,0.76,-0.111,0.613,0.373,0.184,"N","vowel","Feature_5",0.1
-1.823,-0.578,-1.624,0.52,0.052,1.7,0.535,1.318,-0.115,-0.505,"P","vowel","Feature_5",0.1
-1.45,0.199,-1.127,-0.281,-0.372,1.28,0.369,0.855,0.303,-0.385,"N","vowel","Feature_5",0.1
-1.79,0.793,-1.041,0.214,0.215,0.73,0.121,0.583,-0.403,-0.487,"N","vowel","Feature_5",0.1
-2.089,1.695,-0.528,-0.232,0.385,-0.16,0.033,0.071,0.033,-0.744,"N","vowel","Feature_5",0.1
-2.475,1.498,0.864,0.397,-1.17,-0.2,-0.388,0.825,0.16,0.057,"N","vowel","Feature_5",0.1
-2.314,1.494,0.294,0.245,-0.769,0,-0.068,0.819,0.618,-0.572,"N","vowel","Feature_5",0.1
-3.062,1.008,0.935,1.443,-0.579,0.01,-1.333,0.106,0.958,0.979,"N","vowel","Feature_5",0.1
-3.576,1.357,0.912,1.878,-1.166,-0.05,-1.537,0.658,0.843,1.087,"N","vowel","Feature_5",0.1
-3.155,1.021,0.455,0.624,-1.306,0.86,-0.123,0.909,0.328,0.876,"N","vowel","Feature_5",0.1
-4.316,1.147,0.088,0.593,-0.314,1.33,-0.255,0.761,0.492,0.133,"N","vowel","Feature_5",0.1
-2.608,0.839,0.203,0.305,-0.851,0.65,-0.143,0.607,0.344,0.106,"N","vowel","Feature_5",0.1
-1.953,-0.596,-1.543,0.619,0.056,1.79,0.592,1.289,-0.163,-0.523,"P","vowel","Feature_5",0.1
-1.495,0.117,-1.134,-0.249,-0.37,1.25,0.348,0.854,0.313,-0.376,"N","vowel","Feature_5",0.1
-1.921,0.719,-0.95,0.299,0.222,0.73,0.128,0.588,-0.462,-0.491,"N","vowel","Feature_5",0.1
-2.052,1.483,-0.488,0.041,-0.131,0.28,-0.112,-0.064,0.307,-0.8,"N","vowel","Feature_5",0.1
-2.507,1.528,0.852,0.331,-1.231,-0.22,-0.265,0.856,0.07,0.069,"N","vowel","Feature_5",0.1
-2.291,1.146,0.352,0.354,-0.714,0.04,-0.181,0.787,0.709,-0.409,"N","vowel","Feature_5",0.1
-2.933,0.717,0.829,1.508,-0.517,0.04,-1.163,0.021,0.866,1.066,"N","vowel","Feature_5",0.1
-3.53,1.268,0.903,1.887,-1.279,-0.02,-1.441,0.657,0.873,1.042,"N","vowel","Feature_5",0.1
-3.145,0.863,0.416,0.699,-1.378,0.78,0.02,0.89,0.221,0.834,"N","vowel","Feature_5",0.1
-4.394,1.162,0.157,0.608,-0.409,1.32,-0.243,0.758,0.447,0.096,"N","vowel","Feature_5",0.1
-2.704,0.917,0.267,0.314,-0.756,0.77,-0.114,0.673,0.261,0.056,"N","vowel","Feature_5",0.1
-2.058,-0.61,-1.497,0.696,0.072,1.85,0.626,1.303,-0.192,-0.538,"P","vowel","Feature_5",0.1
-1.537,0.043,-1.125,-0.213,-0.378,1.35,0.33,0.87,0.293,-0.393,"N","vowel","Feature_5",0.1
-1.933,0.728,-1.015,0.27,0.199,0.78,0.192,0.706,-0.446,-0.595,"N","vowel","Feature_5",0.1
-2.076,1.413,-0.584,0.19,-0.35,0.43,-0.406,0.313,0.027,-0.724,"N","vowel","Feature_5",0.1
-2.554,1.532,0.812,0.367,-1.208,-0.3,-0.252,0.894,0.05,0.084,"N","vowel","Feature_5",0.1
-2.343,0.788,0.373,0.492,-0.667,0.25,-0.24,0.827,0.589,-0.267,"N","vowel","Feature_5",0.1
-2.834,0.654,0.733,1.434,-0.716,0,-0.841,0.239,0.92,0.885,"N","vowel","Feature_5",0.1
-3.482,1.127,0.899,1.993,-1.385,-0.07,-1.273,0.647,0.844,1.044,"N","vowel","Feature_5",0.1
-3.246,0.712,0.39,0.82,-1.352,1.04,0.197,0.857,-0.056,0.485,"N","vowel","Feature_5",0.1
-4.521,1.43,0.162,0.58,-0.351,1.28,-0.259,0.81,0.431,-0.102,"N","vowel","Feature_5",0.1
-2.804,1.021,0.254,0.331,-0.654,0.9,-0.085,0.678,0.259,-0.031,"N","vowel","Feature_5",0.1
-3.034,-1.274,0.263,1.521,0.66,1.59,-0.361,-0.468,-0.74,0.517,"P","vowel","Feature_5",0.1
-3.118,0.356,0.377,1.447,0.868,0.49,-0.915,-0.546,-0.637,0.169,"N","vowel","Feature_5",0.1
-2.611,0.434,0.231,1.343,0.323,-0.34,-0.618,-0.219,-0.285,0.347,"N","vowel","Feature_5",0.1
-1.566,0.93,-0.181,-0.155,-0.164,-0.21,0.144,-0.047,-0.694,0.282,"N","vowel","Feature_5",0.1
-2.758,2.067,-0.31,-0.543,-0.687,0.04,0.881,0.172,-0.454,-0.093,"N","vowel","Feature_5",0.1
-2.497,1.607,-0.621,-0.446,-0.226,-0.21,1.16,0.122,-0.809,0.495,"N","vowel","Feature_5",0.1
-3.533,2.319,1.085,0.247,-1.053,-0.37,-0.026,1.305,-0.243,-0.671,"N","vowel","Feature_5",0.1
-3.893,3.69,0.079,-0.151,-1.093,-0.56,0.198,1.583,-0.257,-0.169,"N","vowel","Feature_5",0.1
-4.079,2.663,-0.048,-0.315,0.234,0.81,0.335,0.435,-0.546,-0.928,"N","vowel","Feature_5",0.1
-4.16,2.814,0.557,0.604,0.584,0.45,-0.272,0.784,-0.999,-0.781,"N","vowel","Feature_5",0.1
-2.91,0.918,-0.138,-0.382,0.115,0.31,0.418,0.757,-0.898,-0.189,"N","vowel","Feature_5",0.1
-3.162,-1.137,0.3,1.44,0.688,1.75,-0.447,-0.518,-0.52,0.641,"P","vowel","Feature_5",0.1
-3.224,0.487,0.822,1.324,0.753,0.42,-0.976,-0.562,-0.489,0.172,"N","vowel","Feature_5",0.1
-2.681,0.531,0.252,1.239,0.469,-0.4,-0.652,-0.417,-0.246,0.412,"N","vowel","Feature_5",0.1
-1.577,0.907,-0.291,0.007,-0.256,-0.22,0.187,-0.052,-0.627,0.238,"N","vowel","Feature_5",0.1
-2.861,2.091,-0.411,-0.438,-0.643,0.38,0.817,0.104,-0.481,-0.252,"N","vowel","Feature_5",0.1
-2.445,1.503,-0.677,-0.46,-0.14,-0.04,1.014,0.061,-0.599,0.175,"N","vowel","Feature_5",0.1
-3.406,2.403,1.025,0.108,-1.1,-0.27,0.099,1.541,-0.304,-0.671,"N","vowel","Feature_5",0.1
-3.958,3.922,0.15,-0.265,-1.201,-0.2,0.202,1.163,-0.049,-0.039,"N","vowel","Feature_5",0.1
-4.071,2.754,-0.232,-0.262,0.356,0.71,0.381,0.5,-0.721,-0.859,"N","vowel","Feature_5",0.1
-4.188,2.637,0.502,0.552,0.735,0.5,-0.026,0.803,-0.874,-0.913,"N","vowel","Feature_5",0.1
-2.923,0.919,-0.231,-0.307,0.075,0.28,0.403,0.691,-1.012,-0.157,"N","vowel","Feature_5",0.1
-3.39,-0.956,0.476,1.547,0.658,1.39,-0.65,-0.604,-0.295,0.616,"P","vowel","Feature_5",0.1
-3.128,0.28,0.955,1.264,0.753,0.47,-0.841,-0.517,-0.473,0,"N","vowel","Feature_5",0.1
-2.689,0.528,0.157,1.501,0.349,-0.36,-0.49,-0.512,-0.277,0.422,"N","vowel","Feature_5",0.1
-1.693,0.807,-0.038,-0.051,-0.174,-0.44,0.117,0.053,-0.611,0.3,"N","vowel","Feature_5",0.1
-2.927,2.202,-0.532,-0.486,-0.519,0.57,0.813,-0.133,-0.475,-0.349,"N","vowel","Feature_5",0.1
-2.555,1.421,-0.8,-0.233,-0.078,0.21,0.771,-0.112,-0.707,0.165,"N","vowel","Feature_5",0.1
-3.439,2.711,1.067,0.029,-1.12,-0.17,0.062,1.44,-0.353,-0.42,"N","vowel","Feature_5",0.1
-4.067,3.908,-0.065,-0.378,-1.163,0.05,0.508,1.003,0.03,-0.187,"N","vowel","Feature_5",0.1
-4.068,2.566,-0.068,-0.152,0.126,0.6,0.453,0.577,-0.543,-0.896,"N","vowel","Feature_5",0.1
-4.314,2.322,0.58,0.279,0.702,0.49,-0.068,0.814,-0.917,-1.109,"N","vowel","Feature_5",0.1
-3.02,1.033,-0.238,-0.286,0.088,0.27,0.372,0.563,-1.027,-0.151,"N","vowel","Feature_5",0.1
-3.485,-0.86,0.582,1.501,0.578,1.56,-0.663,-0.602,-0.318,0.575,"P","vowel","Feature_5",0.1
-3.049,0.084,0.981,1.193,0.761,0.55,-0.714,-0.466,-0.568,-0.149,"N","vowel","Feature_5",0.1
-2.837,0.528,0.241,1.629,0.23,-0.45,-0.643,-0.231,-0.186,0.45,"N","vowel","Feature_5",0.1
-1.611,0.831,-0.056,-0.048,-0.044,-0.44,0.289,-0.092,-0.633,0.221,"N","vowel","Feature_5",0.1
-2.939,2.157,-0.451,-0.209,-0.88,0.66,0.823,-0.035,-0.744,-0.193,"N","vowel","Feature_5",0.1
-2.842,1.343,-0.713,0.003,0.126,0.39,0.538,-0.077,-0.995,0.092,"N","vowel","Feature_5",0.1
-3.587,3.128,0.885,-0.188,-1.164,-0.23,0.051,1.344,-0.641,-0.253,"N","vowel","Feature_5",0.1
-4.222,3.886,0.016,-0.144,-1.132,0.01,0.519,1.024,0.075,-0.226,"N","vowel","Feature_5",0.1
-4.087,2.555,0.123,-0.151,0.118,0.55,0.365,0.495,-0.473,-0.886,"N","vowel","Feature_5",0.1
-4.442,2.607,0.596,0.191,0.636,0.63,-0.14,0.774,-0.828,-1.122,"N","vowel","Feature_5",0.1
-2.976,1.033,-0.222,-0.099,0.081,0.05,0.479,0.517,-1.105,-0.125,"N","vowel","Feature_5",0.1
-3.689,-0.599,0.692,1.307,0.605,1.48,-0.752,-0.697,-0.355,0.702,"P","vowel","Feature_5",0.1
-3.278,0.324,1.047,1.152,0.725,0.17,-0.839,-0.381,-0.687,0.013,"N","vowel","Feature_5",0.1
-3.249,1.042,0.589,1.408,0.023,-0.68,-0.581,0.031,0.068,0.325,"N","vowel","Feature_5",0.1
-1.596,0.885,-0.199,0.199,-0.115,-0.49,0.428,-0.113,-0.61,0.131,"N","vowel","Feature_5",0.1
-2.986,2.072,-0.311,-0.083,-0.878,0.28,0.916,0.082,-0.905,-0.109,"N","vowel","Feature_5",0.1
-3.003,1.163,-0.45,0.328,0.097,0.58,0.427,-0.017,-1.146,-0.06,"N","vowel","Feature_5",0.1
-3.682,3.672,0.041,-0.508,-0.905,0.01,0.492,0.654,-0.722,-0.318,"N","vowel","Feature_5",0.1
-4.21,3.869,0.164,-0.047,-1.251,-0.08,0.276,0.919,0.091,-0.159,"N","vowel","Feature_5",0.1
-4.129,2.686,0.308,-0.125,0.117,0.37,0.199,0.308,-0.478,-0.909,"N","vowel","Feature_5",0.1
-4.497,3.018,0.609,0.115,0.673,0.7,-0.03,0.861,-0.704,-1.038,"N","vowel","Feature_5",0.1
-2.846,1.01,-0.219,-0.083,0.091,0.12,0.442,0.509,-1.181,-0.021,"N","vowel","Feature_5",0.1
-3.693,-0.568,0.727,1.236,0.612,1.58,-0.804,-0.763,-0.346,0.788,"P","vowel","Feature_5",0.1
-3.543,0.624,0.674,1.413,0.653,-0.4,-0.803,-0.256,-0.65,0.423,"N","vowel","Feature_5",0.1
-3.293,0.93,0.522,1.48,0.249,-0.72,-0.643,-0.094,-0.132,0.198,"N","vowel","Feature_5",0.1
-1.708,0.944,-0.14,0.151,-0.092,-0.65,0.22,0.034,-0.692,0.19,"N","vowel","Feature_5",0.1
-2.942,2.091,-0.353,-0.364,-0.61,0.4,0.864,0.191,-0.764,-0.235,"N","vowel","Feature_5",0.1
-3.253,1.025,-0.286,0.713,-0.036,0.61,0.476,-0.116,-0.945,-0.108,"N","vowel","Feature_5",0.1
-3.661,3.266,-0.117,-0.237,-0.755,0.08,0.686,0.381,-0.58,-0.687,"N","vowel","Feature_5",0.1
-4.216,3.638,0.192,-0.023,-1.231,-0.39,0.128,1.03,0.061,-0.179,"N","vowel","Feature_5",0.1
-4.077,2.542,0.039,0.082,0.218,0.33,0.324,0.399,-0.658,-0.964,"N","vowel","Feature_5",0.1
-4.544,3.046,1.028,-0.016,0.447,0.88,-0.094,0.885,-0.459,-1.099,"N","vowel","Feature_5",0.1
-2.711,0.971,-0.023,0.053,0.101,-0.17,0.382,0.476,-1.05,-0.256,"N","vowel","Feature_5",0.1
-3.322,-0.303,-0.5,0.963,0.921,0.89,1.059,-1.079,-1.004,0.112,"P","vowel","Feature_5",0.1
-3.844,1.056,-0.19,1.685,0.617,1.29,-0.811,-0.506,-1.128,0.076,"N","vowel","Feature_5",0.1
-2.665,0.772,-1.009,1.307,0.287,0.78,-0.466,-0.19,-0.721,0.407,"N","vowel","Feature_5",0.1
-2.493,1.382,-0.929,0.465,-0.369,0.03,0.187,-0.696,-0.31,0.348,"N","vowel","Feature_5",0.1
-2.905,2.311,-0.658,0.022,-1.121,0.26,0.467,0.484,-0.157,-0.676,"N","vowel","Feature_5",0.1
-2.685,1.971,-0.857,0.033,-0.638,0.55,0.143,0.159,-0.218,-0.343,"N","vowel","Feature_5",0.1
-3.389,2.762,-0.71,-0.026,-0.641,0.11,0.775,0.443,-0.11,-0.979,"N","vowel","Feature_5",0.1
-4.243,3.354,-0.415,0.898,-1.027,-0.32,0.576,0.48,0.564,-0.085,"N","vowel","Feature_5",0.1
-3.741,2.7,-1.593,0.782,-0.298,1.36,0.184,1.458,-0.134,-1.297,"N","vowel","Feature_5",0.1
-4.694,3.229,-1.153,0.702,0.452,0.34,0.454,0.001,-0.264,-1.399,"N","vowel","Feature_5",0.1
-3.012,1.628,-0.834,0.975,-0.299,0.88,0.174,0.836,-0.239,-1.144,"N","vowel","Feature_5",0.1
-3.268,-0.079,-0.693,0.763,1.043,1.22,0.892,-1.293,-1.033,0.199,"P","vowel","Feature_5",0.1
-3.618,0.916,-0.4,1.771,0.666,1.54,-0.389,-0.342,-1.279,-0.109,"N","vowel","Feature_5",0.1
-2.693,0.771,-0.87,1.341,0.317,0.82,-0.328,-0.169,-0.936,0.399,"N","vowel","Feature_5",0.1
-2.515,1.34,-0.84,0.511,-0.492,0.04,0.047,-0.68,-0.283,0.168,"N","vowel","Feature_5",0.1
-2.882,2.165,-0.589,0.173,-1.165,0.01,0.571,0.502,-0.093,-0.616,"N","vowel","Feature_5",0.1
-2.591,1.809,-0.659,-0.016,-0.673,0.61,0.084,0.182,-0.094,-0.372,"N","vowel","Feature_5",0.1
-3.354,2.85,-0.887,0.01,-0.551,0.23,0.901,0.32,-0.302,-1.023,"N","vowel","Feature_5",0.1
-4.228,3.111,-0.38,1.16,-1.188,-0.34,0.516,0.507,0.669,-0.074,"N","vowel","Feature_5",0.1
-3.901,2.485,-0.95,0.702,-0.47,1.11,-0.109,1.597,0.146,-1.197,"N","vowel","Feature_5",0.1
-4.708,3.269,-1.121,0.701,0.437,0.21,0.552,0.004,-0.168,-1.484,"N","vowel","Feature_5",0.1
-3,1.524,-0.866,1.015,-0.4,0.95,0.174,0.938,-0.216,-1.01,"N","vowel","Feature_5",0.1
-3.347,-0.159,-0.414,0.922,0.973,0.95,0.929,-1.211,-1.268,0.278,"P","vowel","Feature_5",0.1
-3.518,0.716,-0.365,1.788,0.584,1.66,-0.109,-0.016,-1.501,0.002,"N","vowel","Feature_5",0.1
-2.875,0.868,-0.728,1.439,0.355,0.77,-0.378,-0.233,-1.072,0.505,"N","vowel","Feature_5",0.1
-2.612,1.403,-0.87,0.47,-0.448,0.1,-0.06,-0.656,-0.334,0.087,"N","vowel","Feature_5",0.1
-2.859,2.255,-0.676,0.098,-1.086,0.12,0.732,0.305,-0.141,-0.636,"N","vowel","Feature_5",0.1
-2.497,1.692,-0.607,0.02,-0.71,0.57,0.093,0.272,-0.06,-0.507,"N","vowel","Feature_5",0.1
-3.236,2.745,-0.806,-0.2,-0.386,0.37,0.889,0.516,-0.297,-1.075,"N","vowel","Feature_5",0.1
-4.188,3.229,-0.456,1.077,-1.385,-0.12,0.459,0.558,0.701,-0.32,"N","vowel","Feature_5",0.1
-3.775,2.188,-1.017,0.687,-0.464,1.17,-0.157,1.673,-0.024,-1.144,"N","vowel","Feature_5",0.1
-4.744,3.385,-0.886,0.571,0.235,0.25,0.357,0.04,0.203,-1.68,"N","vowel","Feature_5",0.1
-3.046,1.462,-0.823,0.935,-0.44,0.87,0.085,0.865,-0.178,-0.954,"N","vowel","Feature_5",0.1
-3.594,-0.137,-0.028,1.018,1.069,0.79,0.695,-0.982,-1.433,0.249,"P","vowel","Feature_5",0.1
-3.426,0.584,-0.469,1.776,0.566,1.72,0.07,0.081,-1.483,-0.141,"N","vowel","Feature_5",0.1
-3.086,1.01,-0.627,1.508,0.338,0.71,-0.479,-0.323,-1.087,0.645,"N","vowel","Feature_5",0.1
-2.75,1.475,-0.848,0.364,-0.275,-0.07,-0.003,-0.782,-0.291,0.167,"N","vowel","Feature_5",0.1
-2.846,2.43,-0.78,-0.153,-0.905,0.21,0.746,0.14,-0.114,-0.746,"N","vowel","Feature_5",0.1
-2.511,1.511,-0.555,0.226,-0.735,0.62,-0.006,0.52,-0.138,-0.651,"N","vowel","Feature_5",0.1
-3.124,2.733,-0.857,-0.334,-0.312,0.63,0.849,0.475,-0.174,-0.899,"N","vowel","Feature_5",0.1
-4.175,3.32,-0.446,0.988,-1.48,0.22,0.507,0.605,0.691,-0.462,"N","vowel","Feature_5",0.1
-3.777,2.064,-0.983,0.846,-0.373,0.91,-0.04,1.331,0.247,-1.09,"N","vowel","Feature_5",0.1
-4.788,3.632,-0.71,0.3,0.366,-0.06,0.403,-0.016,0.124,-1.32,"N","vowel","Feature_5",0.1
-3.006,1.407,-0.875,0.945,-0.495,0.82,0.212,0.75,-0.037,-1.054,"N","vowel","Feature_5",0.1
-3.781,-0.011,0.102,1.115,1.036,0.54,0.615,-1.082,-1.272,0.05,"P","vowel","Feature_5",0.1
-3.394,0.557,-0.573,1.704,0.608,1.66,0.109,0.2,-1.507,-0.225,"N","vowel","Feature_5",0.1
-3.091,0.935,-0.574,1.36,0.416,0.73,-0.48,-0.144,-1.295,0.696,"N","vowel","Feature_5",0.1
-2.85,1.446,-0.792,0.482,-0.365,0.03,-0.029,-0.761,-0.251,0.113,"N","vowel","Feature_5",0.1
-2.884,2.424,-0.764,-0.108,-1.015,0.35,0.712,0.133,-0.017,-0.847,"N","vowel","Feature_5",0.1
-2.656,1.263,-0.527,0.464,-0.612,0.6,-0.16,0.857,-0.416,-0.596,"N","vowel","Feature_5",0.1
-3.246,2.796,-0.867,-0.205,-0.316,0.77,0.824,0.062,-0.118,-0.749,"N","vowel","Feature_5",0.1
-4.172,3.188,-0.375,1.028,-1.41,0.04,0.513,0.635,0.802,-0.28,"N","vowel","Feature_5",0.1
-3.862,1.801,-0.717,1.133,-0.23,0.93,-0.223,1.264,0.194,-0.935,"N","vowel","Feature_5",0.1
-4.836,3.871,-0.684,0.182,0.349,-0.26,0.317,0.059,-0.024,-1.13,"N","vowel","Feature_5",0.1
-2.973,1.304,-0.849,0.984,-0.508,0.55,0.248,0.728,0.073,-1.107,"N","vowel","Feature_5",0.1
-3.858,0.115,0.05,1.17,0.975,0.74,0.585,-1.191,-1.172,-0.076,"P","vowel","Feature_5",0.1
-3.404,0.506,-0.591,1.627,0.66,1.52,0.068,0.381,-1.494,-0.453,"N","vowel","Feature_5",0.1
-2.952,0.777,-0.74,1.311,0.424,0.71,-0.319,-0.082,-1.456,0.616,"N","vowel","Feature_5",0.1
-3.005,1.472,-0.716,0.535,-0.392,0.07,-0.054,-0.686,-0.29,0.153,"N","vowel","Feature_5",0.1
-2.898,2.421,-0.81,-0.043,-1.164,0.49,0.69,0.218,-0.078,-0.876,"N","vowel","Feature_5",0.1
-2.906,1.102,-0.491,0.575,-0.386,0.68,-0.134,0.977,-0.54,-0.604,"N","vowel","Feature_5",0.1
-3.462,2.648,-0.447,0,-0.416,0.8,0.569,-0.072,-0.08,-0.798,"N","vowel","Feature_5",0.1
-4.076,3.336,-0.688,0.677,-1.472,0.43,0.682,0.724,0.717,-0.409,"N","vowel","Feature_5",0.1
-3.846,1.426,-0.607,1.434,-0.072,1.12,-0.535,1.159,-0.123,-0.385,"N","vowel","Feature_5",0.1
-4.885,3.967,-0.948,0.373,0.255,-0.09,0.43,-0.013,0.018,-1.518,"N","vowel","Feature_5",0.1
-2.98,1.29,-0.842,0.955,-0.491,0.65,0.267,0.692,0.084,-1.1,"N","vowel","Feature_5",0.1
-3.208,-0.608,-0.516,1.098,1.529,1.08,0.186,-0.947,-0.248,-0.059,"P","vowel","Feature_5",0.1
-2.569,-0.11,-0.841,0.732,1.112,1.03,-0.075,0.148,-0.893,0.314,"N","vowel","Feature_5",0.1
-2.21,0.661,-0.581,1.139,0.238,0.12,-0.625,-0.366,-0.326,0.557,"N","vowel","Feature_5",0.1
-1.885,2.214,-0.673,0.147,-0.148,-0.35,0.252,-0.098,-0.874,0.245,"N","vowel","Feature_5",0.1
-2.488,2.822,-0.239,-0.33,-1.355,0.26,0.101,0.934,-0.966,-0.31,"N","vowel","Feature_5",0.1
-2.335,2.896,-0.295,-0.42,-0.645,0.37,0.12,0.447,-1.126,0.11,"N","vowel","Feature_5",0.1
-2.715,2.325,0.701,0.239,-1.426,-0.17,-0.317,1.516,-0.162,-0.703,"N","vowel","Feature_5",0.1
-4.21,3.289,-0.106,-1.247,-0.683,0.67,0.579,0.832,-0.035,-0.764,"N","vowel","Feature_5",0.1
-3.984,2.29,-0.103,-0.707,0.297,0.23,0.857,1.403,-1.253,-0.298,"N","vowel","Feature_5",0.1
-4.964,2.78,0.474,0.047,0.417,-0.3,0.334,0.474,-1.26,-0.221,"N","vowel","Feature_5",0.1
-2.528,1.288,-0.144,-0.171,-0.077,0.22,-0.045,0.681,-1.399,-0.066,"N","vowel","Feature_5",0.1
-3.431,-0.5,-0.362,1.173,1.59,0.88,0.162,-0.853,-0.364,0.084,"P","vowel","Feature_5",0.1
-2.659,-0.101,-0.687,0.697,1.081,1.03,-0.149,0.184,-0.927,0.327,"N","vowel","Feature_5",0.1
-2.103,0.655,-0.84,1.195,0.377,0.2,-0.504,-0.549,-0.404,0.602,"N","vowel","Feature_5",0.1
-1.926,2.172,-0.571,0.257,-0.159,-0.43,0.27,-0.153,-0.673,-0.005,"N","vowel","Feature_5",0.1
-2.512,2.826,-0.171,-0.385,-1.495,0.43,0.067,0.899,-0.902,-0.412,"N","vowel","Feature_5",0.1
-2.353,2.897,-0.433,-0.193,-0.715,0.34,0.26,0.273,-1.206,0.36,"N","vowel","Feature_5",0.1
-2.708,2.396,0.728,0.336,-1.437,-0.42,-0.411,1.469,-0.022,-0.717,"N","vowel","Feature_5",0.1
-4.341,3.514,-0.453,-1.047,-0.469,0.57,0.618,0.801,-0.399,-0.777,"N","vowel","Feature_5",0.1
-4.045,2.193,0.2,-0.745,0.215,0.42,0.625,1.477,-1.207,-0.27,"N","vowel","Feature_5",0.1
-5.02,2.551,0.562,-0.136,0.531,-0.06,0.373,0.631,-1.407,-0.267,"N","vowel","Feature_5",0.1
-2.665,1.633,-0.384,-0.111,-0.001,0.32,0.033,0.478,-1.558,0.219,"N","vowel","Feature_5",0.1
-3.586,-0.38,-0.359,1.307,1.587,1.01,0.18,-0.831,-0.471,0.198,"P","vowel","Feature_5",0.1
-2.889,-0.039,-0.494,0.719,1.104,0.88,-0.415,0.097,-0.855,0.356,"N","vowel","Feature_5",0.1
-2.282,0.673,-0.798,1.286,0.308,-0.06,-0.411,-0.61,-0.266,0.584,"N","vowel","Feature_5",0.1
-1.985,2.161,-0.601,0.424,-0.295,-0.53,0.208,-0.216,-0.562,0.079,"N","vowel","Feature_5",0.1
-2.563,2.829,-0.283,-0.368,-1.593,0.38,0.121,0.933,-0.946,-0.356,"N","vowel","Feature_5",0.1
-2.415,2.517,-0.285,0.085,-0.902,0.24,0.302,0.247,-1.207,0.371,"N","vowel","Feature_5",0.1
-2.776,2.563,0.532,0.277,-1.47,-0.43,-0.278,1.479,-0.164,-0.797,"N","vowel","Feature_5",0.1
-4.384,3.721,-0.905,-0.965,-0.16,0.67,0.809,0.66,-0.613,-0.831,"N","vowel","Feature_5",0.1
-4.107,2.17,0.206,-0.811,0.334,0.6,0.402,1.097,-1.327,-0.04,"N","vowel","Feature_5",0.1
-5.069,2.119,0.826,-0.274,0.576,0.1,0.308,1.001,-1.412,-0.306,"N","vowel","Feature_5",0.1
-2.812,1.954,-0.661,0.109,-0.011,0.07,0.187,0.096,-1.538,0.592,"N","vowel","Feature_5",0.1
-3.76,-0.32,-0.24,1.273,1.751,1.14,0.23,-0.723,-0.501,0.315,"P","vowel","Feature_5",0.1
-3.152,0.086,-0.325,0.868,1.084,0.67,-0.522,-0.005,-0.821,0.483,"N","vowel","Feature_5",0.1
-2.558,0.755,-0.66,1.366,0.038,0.04,-0.443,-0.531,-0.062,0.418,"N","vowel","Feature_5",0.1
-2.01,2.164,-0.626,0.389,-0.24,-0.43,0.103,-0.27,-0.647,0.165,"N","vowel","Feature_5",0.1
-2.601,2.735,-0.322,-0.255,-1.67,0.3,0.202,1.01,-0.871,-0.461,"N","vowel","Feature_5",0.1
-2.521,2.271,-0.277,0.27,-0.909,0.23,0.348,-0.028,-1.177,0.432,"N","vowel","Feature_5",0.1
-2.922,2.621,0.214,0.122,-1.477,-0.08,0.045,1.38,-0.635,-0.757,"N","vowel","Feature_5",0.1
-4.417,3.765,-1.225,-0.853,0.041,0.67,0.885,0.533,-0.757,-0.789,"N","vowel","Feature_5",0.1
-4.07,2.254,-0.28,-0.722,0.696,0.71,0.243,0.689,-1.45,0.19,"N","vowel","Feature_5",0.1
-5.08,2.241,0.971,-0.374,0.501,0.27,0.144,0.851,-1.319,-0.3,"N","vowel","Feature_5",0.1
-2.93,2.014,-0.7,0.206,-0.088,0.12,0.142,-0.031,-1.437,0.615,"N","vowel","Feature_5",0.1
-4.247,-0.034,0.248,1.372,1.831,1.22,0.087,-0.518,-0.316,0.347,"P","vowel","Feature_5",0.1
-3.183,0.154,-0.413,0.923,1.091,0.49,-0.447,-0.085,-0.904,0.693,"N","vowel","Feature_5",0.1
-2.514,0.558,-0.777,1.299,0.027,0.34,-0.487,-0.653,-0.028,0.481,"N","vowel","Feature_5",0.1
-2.041,2.119,-0.585,0.549,-0.43,-0.23,-0.002,-0.234,-0.751,0.253,"N","vowel","Feature_5",0.1
-2.64,2.704,-0.345,-0.23,-1.649,-0.01,0.275,0.952,-0.651,-0.571,"N","vowel","Feature_5",0.1
-2.729,2.104,-0.505,0.138,-0.533,0.44,0.148,-0.407,-1.059,0.625,"N","vowel","Feature_5",0.1
-3.025,2.711,-0.147,-0.034,-1.34,0.05,0.364,1.099,-1.02,-0.652,"N","vowel","Feature_5",0.1
-4.415,3.737,-1.313,-0.815,0.168,0.67,0.975,0.42,-0.825,-0.748,"N","vowel","Feature_5",0.1
-4.036,2.141,-0.355,-0.602,0.837,0.68,-0.013,0.507,-1.412,0.21,"N","vowel","Feature_5",0.1
-5.158,2.488,1.064,-0.343,0.352,0.06,-0.05,0.817,-1.308,-0.249,"N","vowel","Feature_5",0.1
-2.907,1.992,-0.904,0.205,0.011,0.33,-0.031,-0.148,-1.262,0.487,"N","vowel","Feature_5",0.1
-4.687,0.406,0.889,1.464,1.618,1.06,-0.121,-0.398,-0.307,0.293,"P","vowel","Feature_5",0.1
-3.096,0.103,-0.452,0.879,1.067,0.49,-0.296,-0.067,-0.973,0.711,"N","vowel","Feature_5",0.1
-2.452,0.279,-0.805,1.141,0.239,0.33,-0.104,-0.752,-0.334,0.731,"N","vowel","Feature_5",0.1
-2.081,2.043,-0.521,0.578,-0.463,-0.27,-0.041,-0.162,-0.814,0.425,"N","vowel","Feature_5",0.1
-2.658,2.739,-0.382,-0.31,-1.64,0.02,0.276,0.884,-0.535,-0.548,"N","vowel","Feature_5",0.1
-2.982,2.001,-0.915,0.188,0.035,0.47,-0.13,-0.689,-0.684,0.664,"N","vowel","Feature_5",0.1
-3.098,2.525,-0.316,-0.322,-1.082,0.27,0.445,0.847,-0.951,-0.707,"N","vowel","Feature_5",0.1
-4.403,3.602,-0.945,-0.934,0.041,0.35,1.003,0.47,-0.477,-0.621,"N","vowel","Feature_5",0.1
-4.2,2.201,-0.31,-0.392,0.968,0.74,-0.328,0.129,-0.896,0.15,"N","vowel","Feature_5",0.1
-5.211,2.544,0.82,-0.333,0.447,0.18,0.127,0.89,-1.389,-0.304,"N","vowel","Feature_5",0.1
-2.752,1.778,-0.718,0.057,-0.009,0.46,0.121,0.05,-1.435,0.281,"N","vowel","Feature_5",0.1
-5.058,2.236,1.381,1.885,-0.259,-0.39,-0.562,0.123,-0.063,0.663,"P","vowel","Feature_5",0.1
-4.181,1.646,0.736,1.286,0.724,-0.55,-1.126,-0.45,-0.648,0.995,"N","vowel","Feature_5",0.1
-3.753,0.828,-0.042,1.406,0.209,-0.54,-0.52,-0.4,-0.386,1.07,"N","vowel","Feature_5",0.1
-3.494,1.207,-0.607,0.242,-0.43,0.18,0.236,0.545,-0.593,0.678,"N","vowel","Feature_5",0.1
-2.813,2.327,-1.246,-0.184,-0.755,0.47,1.202,-0.558,-0.669,0.054,"N","vowel","Feature_5",0.1
-3.133,1.983,-1.398,0.254,-0.667,0.45,0.389,-0.178,-0.584,0.844,"N","vowel","Feature_5",0.1
-3.749,3.018,-0.755,-0.452,-0.666,0.1,0.741,0.9,-1.613,0.128,"N","vowel","Feature_5",0.1
-4.373,4.643,-0.792,-1.332,-0.202,0.68,0.192,1.133,-1.131,-0.28,"N","vowel","Feature_5",0.1
-4.468,4.121,-0.42,-1.197,0.338,0.62,-0.11,0.314,-1.248,-0.012,"N","vowel","Feature_5",0.1
-4.902,4.49,-0.564,-0.536,-0.164,-0.3,0.842,-0.158,-0.906,0.358,"N","vowel","Feature_5",0.1
-4.125,2.3,-0.167,-0.27,0.103,0.38,-0.467,-0.254,-0.415,0.863,"N","vowel","Feature_5",0.1
-5.124,2.319,1.413,1.804,-0.277,-0.32,-0.746,0.221,0.06,0.46,"P","vowel","Feature_5",0.1
-4.393,2.137,0.57,1.397,0.293,-0.85,-0.966,-0.461,-0.277,1.184,"N","vowel","Feature_5",0.1
-3.961,1.078,0.11,1.232,0.21,-0.74,-0.536,-0.33,-0.268,1.098,"N","vowel","Feature_5",0.1
-3.654,1.222,-0.574,0.248,-0.299,0.14,0.154,0.553,-0.58,0.617,"N","vowel","Feature_5",0.1
-3.001,2.263,-1.178,-0.116,-0.922,0.37,1.286,-0.506,-0.566,-0.102,"N","vowel","Feature_5",0.1
-3.417,1.984,-1.148,0.234,-0.778,0.46,0.494,0.13,-0.704,0.764,"N","vowel","Feature_5",0.1
-3.887,3.172,-0.739,-0.69,-0.548,0.41,0.569,0.98,-1.609,0.283,"N","vowel","Feature_5",0.1
-4.474,4.569,-1.069,-1.409,0.137,0.95,0.071,0.877,-1.355,-0.167,"N","vowel","Feature_5",0.1
-4.471,4.096,-0.809,-0.881,0.646,0.56,0.04,0.142,-1.555,-0.023,"N","vowel","Feature_5",0.1
-4.947,4.637,-0.444,-0.953,-0.119,-0.27,0.594,0.27,-0.783,0.265,"N","vowel","Feature_5",0.1
-4.173,2.299,-0.298,-0.13,0.122,0.27,-0.388,-0.328,-0.48,0.99,"N","vowel","Feature_5",0.1
-5.131,2.192,1.364,1.936,-0.591,-0.35,-0.677,0.15,0.178,0.38,"P","vowel","Feature_5",0.1
-4.395,1.864,0.503,1.718,0.241,-0.79,-0.672,-0.687,-0.449,1.396,"N","vowel","Feature_5",0.1
-4.058,1.072,0.157,1.136,0.385,-0.63,-0.583,-0.185,-0.3,1.177,"N","vowel","Feature_5",0.1
-3.631,1.195,-0.719,0.13,-0.065,0.38,-0.061,0.555,-0.594,0.806,"N","vowel","Feature_5",0.1
-3.434,2.26,-1.065,-0.122,-0.795,0.36,1.403,-0.507,-0.375,0.015,"N","vowel","Feature_5",0.1
-3.765,1.97,-0.955,0.304,-0.735,0.41,0.38,0.146,-0.536,0.738,"N","vowel","Feature_5",0.1
-3.975,3.066,-0.506,-0.827,-0.478,0.37,0.356,0.939,-1.309,0.204,"N","vowel","Feature_5",0.1
-4.497,4.5,-1.446,-1.127,0.443,0.9,0.136,0.597,-1.087,-0.073,"N","vowel","Feature_5",0.1
-4.475,4.064,-0.927,-0.678,0.599,0.47,0.224,0.103,-1.336,-0.192,"N","vowel","Feature_5",0.1
-5.011,4.976,-0.868,-1.215,0.17,0.02,0.543,0.154,-0.841,0.707,"N","vowel","Feature_5",0.1
-4.151,2.069,-0.605,0.111,0.41,0.35,-0.284,-0.381,-0.507,0.737,"N","vowel","Feature_5",0.1
-5.125,2.077,1.283,2.003,-0.734,-0.6,-0.557,0.055,0.295,0.269,"P","vowel","Feature_5",0.1
-4.316,1.409,0.441,1.819,0.5,-0.6,-0.633,-0.621,-0.671,1.193,"N","vowel","Feature_5",0.1
-4.149,1.129,-0.008,1.215,0.39,-0.59,-0.4,-0.343,-0.344,0.886,"N","vowel","Feature_5",0.1
-3.581,1.188,-0.958,0.189,-0.077,0.49,0.049,0.449,-0.676,0.919,"N","vowel","Feature_5",0.1
-3.828,2.367,-0.836,-0.343,-0.466,0.08,1.172,-0.175,-0.275,0.117,"N","vowel","Feature_5",0.1
-3.82,1.705,-1.13,0.45,-0.471,0.63,0.298,-0.175,-0.473,0.848,"N","vowel","Feature_5",0.1
-3.949,2.99,-0.643,-0.986,-0.175,0.74,0.249,0.803,-1.479,0.168,"N","vowel","Feature_5",0.1
-4.471,4.461,-1.887,-0.799,0.719,0.93,0.239,0.342,-1.036,-0.06,"N","vowel","Feature_5",0.1
-4.58,4.116,-0.753,-0.849,0.516,0.44,0.117,0.181,-1.256,-0.119,"N","vowel","Feature_5",0.1
-5.049,4.846,-0.678,-0.877,-0.09,0.01,0.253,-0.078,-0.178,0.131,"N","vowel","Feature_5",0.1
-4.115,1.856,-0.738,0.132,0.658,0.32,-0.252,-0.123,-0.53,0.456,"N","vowel","Feature_5",0.1
-5.143,2.051,1.216,1.898,-0.555,-0.49,-0.842,0.011,0.461,0.193,"P","vowel","Feature_5",0.1
-4.403,1.409,0.551,1.496,0.673,-0.63,-0.787,-0.382,-0.696,1.139,"N","vowel","Feature_5",0.1
-4.316,1.272,-0.087,1.285,0.126,-0.2,-0.286,-0.463,-0.294,0.691,"N","vowel","Feature_5",0.1
-3.622,1.111,-0.972,0.399,-0.402,0.53,0.271,0.373,-0.716,0.943,"N","vowel","Feature_5",0.1
-3.85,2.28,-1.055,-0.335,-0.164,0.46,0.913,-0.391,-0.338,0.26,"N","vowel","Feature_5",0.1
-3.962,1.724,-1.29,0.531,-0.17,0.53,0.282,-0.149,-0.603,1.139,"N","vowel","Feature_5",0.1
-3.894,2.91,-0.968,-0.671,-0.131,0.56,0.591,0.708,-1.515,0.121,"N","vowel","Feature_5",0.1
-4.469,4.348,-1.74,-0.886,0.447,0.88,0.374,0.577,-0.908,-0.089,"N","vowel","Feature_5",0.1
-4.661,4.235,-0.497,-1.021,0.295,0.38,-0.019,0.345,-1.355,0.062,"N","vowel","Feature_5",0.1
-5.04,5.074,-1.721,-0.264,0.279,0.15,0.003,-0.609,-0.177,0.422,"N","vowel","Feature_5",0.1
-4.169,1.799,-0.621,0.025,0.706,0.41,-0.343,-0.049,-0.339,0.22,"N","vowel","Feature_5",0.1
-5.105,1.968,1.14,1.719,-0.443,-0.37,-0.969,-0.173,0.551,0.176,"P","vowel","Feature_5",0.1
-4.544,1.672,0.643,1.281,0.504,-0.83,-0.709,-0.229,-0.546,1.058,"N","vowel","Feature_5",0.1
-4.426,1.167,0.008,1.315,0.189,-0.21,-0.124,-0.244,-0.423,0.684,"N","vowel","Feature_5",0.1
-3.622,0.988,-1.108,0.685,-0.693,0.72,0.442,0.166,-0.458,0.738,"N","vowel","Feature_5",0.1
-3.597,2.146,-1.492,-0.142,-0.297,0.82,0.87,-0.49,-0.471,0.41,"N","vowel","Feature_5",0.1
-4.122,1.735,-1.34,0.615,0.03,0.37,0.345,-0.104,-0.54,0.988,"N","vowel","Feature_5",0.1
-4.065,2.876,-0.856,-0.221,-0.533,0.22,0.855,0.633,-1.452,0.272,"N","vowel","Feature_5",0.1
-4.513,4.265,-1.477,-1.09,0.215,0.72,0.342,0.693,-0.601,-0.056,"N","vowel","Feature_5",0.1
-4.651,4.246,-0.823,-0.831,0.666,0.54,-0.3,0.094,-1.343,0.185,"N","vowel","Feature_5",0.1
-5.034,4.993,-1.633,-0.285,0.398,0.34,-0.211,-0.508,-0.283,0.304,"N","vowel","Feature_5",0.1
-4.261,1.827,-0.482,-0.194,0.731,0.32,-0.478,0.05,-0.112,0.321,"N","vowel","Feature_5",0.1
-1.149,-0.904,-1.988,0.739,-0.06,1.22,0.864,1.196,-0.3,-0.467,"P","vowel","Feature_5",0.1
-2.613,-0.092,-0.54,0.484,0.389,1.69,0.198,0.257,-0.375,-0.604,"N","vowel","Feature_5",0.1
-2.505,0.632,-0.593,0.304,0.496,0.79,-0.162,0.181,-0.363,-0.764,"N","vowel","Feature_5",0.1
-1.768,1.769,-1.142,-0.739,-0.086,0.05,-0.23,0.217,-0.009,-0.279,"N","vowel","Feature_5",0.1
-2.671,3.155,-0.514,0.133,-0.964,0.31,-0.071,1.192,0.254,-0.471,"N","vowel","Feature_5",0.1
-2.509,1.326,0.354,0.663,-0.724,0.33,-0.496,0.713,0.638,-0.204,"N","vowel","Feature_5",0.1
-2.764,1.111,0.727,1.54,-0.855,0.26,-1.11,0.227,0.42,0.991,"N","vowel","Feature_5",0.1
-3.816,3.426,0.224,-0.384,-1.733,0.4,-0.322,1.333,0.653,0.577,"N","vowel","Feature_5",0.1
-3.839,1.248,0.83,0.982,-1.11,0.57,-0.751,0.084,0.309,1.125,"N","vowel","Feature_5",0.1
-4.982,1.538,0.96,1.253,-0.64,0.46,-0.484,-0.31,-0.246,1.18,"N","vowel","Feature_5",0.1
-2.895,0.682,-0.151,0.218,-0.689,1.06,-0.264,0.922,0.757,0.327,"N","vowel","Feature_5",0.1
-1.093,-0.922,-2.091,0.844,0.009,1.24,0.891,1.453,-0.089,-0.4,"P","vowel","Feature_5",0.1
-2.499,0.119,-0.82,0.346,0.347,1.71,0.245,0.689,-0.084,-0.596,"N","vowel","Feature_5",0.1
-2.633,0.672,-0.372,0.439,0.437,0.85,-0.402,-0.04,-0.366,-0.741,"N","vowel","Feature_5",0.1
-1.707,1.652,-1.012,-0.622,-0.293,0.33,-0.276,0.477,0.05,-0.2,"N","vowel","Feature_5",0.1
-2.696,3.129,-0.52,0.294,-0.989,0,-0.066,1.106,0.361,-0.396,"N","vowel","Feature_5",0.1
-2.592,1.617,0.267,0.38,-0.777,0.54,-0.206,0.733,0.592,-0.403,"N","vowel","Feature_5",0.1
-2.733,1.088,0.761,1.694,-0.833,0.22,-1.069,0.266,0.369,1.034,"N","vowel","Feature_5",0.1
-3.835,3.339,0.29,-0.126,-1.68,0.13,-0.368,1.328,0.523,0.861,"N","vowel","Feature_5",0.1
-3.915,2.158,0.781,0.643,-1.023,0.6,-0.718,0.274,0.376,0.77,"N","vowel","Feature_5",0.1
-4.848,1.115,0.932,1.615,-0.589,0.57,-0.446,-0.366,-0.447,1.294,"N","vowel","Feature_5",0.1
-2.982,0.522,-0.1,0.362,-0.66,1.2,-0.305,0.859,0.637,0.344,"N","vowel","Feature_5",0.1
-1.784,-1.074,-1.661,1.324,0.289,1.37,0.924,1.307,-0.346,-0.521,"P","vowel","Feature_5",0.1
-1.89,0.207,-1.161,0.027,-0.047,1.68,0.277,1.129,0.366,-0.25,"N","vowel","Feature_5",0.1
-2.677,0.486,-0.061,0.517,0.222,1.06,-0.425,-0.096,-0.373,-0.484,"N","vowel","Feature_5",0.1
-1.716,1.186,-0.809,-0.515,-0.35,0.16,-0.404,0.678,0.172,-0.212,"N","vowel","Feature_5",0.1
-2.769,2.906,-0.194,0.349,-0.958,0,-0.245,1.004,0.6,-0.336,"N","vowel","Feature_5",0.1
-2.625,1.551,0.298,0.324,-1.05,0.7,0.067,0.603,0.342,-0.413,"N","vowel","Feature_5",0.1
-2.632,0.881,0.71,1.8,-0.75,0.35,-1.128,0.177,0.339,1.166,"N","vowel","Feature_5",0.1
-3.888,3.085,0.436,0.142,-1.526,-0.03,-0.503,1.085,0.511,0.976,"N","vowel","Feature_5",0.1
-3.824,1.832,1.093,1.024,-1.09,0.66,-0.336,0.299,0.126,1.005,"N","vowel","Feature_5",0.1
-4.813,1.042,0.887,1.661,-0.534,0.74,-0.513,-0.448,-0.412,1.214,"N","vowel","Feature_5",0.1
-2.971,0.463,-0.195,0.323,-0.625,0.96,-0.327,0.78,0.552,0.436,"N","vowel","Feature_5",0.1
-2.698,-1.027,-0.94,1.796,0.392,1.38,0.866,0.781,-0.838,-0.663,"P","vowel","Feature_5",0.1
-1.358,0.136,-1.082,-0.148,-0.609,1.55,0.144,1.149,0.481,0.119,"N","vowel","Feature_5",0.1
-2.594,0.621,-0.292,0.521,0.26,1.18,-0.337,0.261,-0.332,-0.51,"N","vowel","Feature_5",0.1
-1.793,0.925,-0.739,-0.396,-0.211,0.41,-0.403,0.604,0.197,-0.251,"N","vowel","Feature_5",0.1
-2.92,2.697,-0.116,0.451,-0.859,0.04,-0.307,0.874,0.622,-0.301,"N","vowel","Feature_5",0.1
-2.696,1.26,0.436,0.657,-1.161,0.88,0.062,0.575,0.182,-0.334,"N","vowel","Feature_5",0.1
-2.484,0.559,0.624,1.951,-0.646,0.38,-1.106,0.036,0.24,1.291,"N","vowel","Feature_5",0.1
-3.989,3.049,0.304,0.209,-1.26,-0.27,-0.735,0.862,0.551,1.114,"N","vowel","Feature_5",0.1
-3.776,1.752,0.92,0.722,-1.164,0.74,-0.01,0.657,0.248,1.055,"N","vowel","Feature_5",0.1
-4.717,0.829,0.853,1.98,-0.546,0.63,-0.434,-0.424,-0.636,1.245,"N","vowel","Feature_5",0.1
-3.108,0.926,-0.389,0.249,-0.461,0.82,-0.226,0.818,0.387,0.303,"N","vowel","Feature_5",0.1
-3.366,-0.826,-0.405,1.643,0.603,1.28,0.524,0.293,-0.858,-0.668,"P","vowel","Feature_5",0.1
-1.53,0.029,-0.925,0.054,-0.565,1.69,0.123,1.117,0.338,0.026,"N","vowel","Feature_5",0.1
-1.817,0.559,-0.801,0.234,0.011,1.22,-0.161,0.809,0.018,-0.382,"N","vowel","Feature_5",0.1
-1.969,0.835,-0.671,-0.27,0.028,0.53,-0.444,0.53,0.061,-0.343,"N","vowel","Feature_5",0.1
-3.038,2.475,0.024,0.508,-0.737,-0.11,-0.358,0.706,0.6,-0.209,"N","vowel","Feature_5",0.1
-2.889,1.418,0.409,0.61,-1.018,0.98,0.005,0.518,-0.027,-0.326,"N","vowel","Feature_5",0.1
-2.71,0.809,0.754,1.903,-0.764,0.4,-1.123,0.162,0.405,1.163,"N","vowel","Feature_5",0.1
-3.992,3.342,0.167,0.086,-1.23,-0.31,-0.824,0.837,0.521,0.978,"N","vowel","Feature_5",0.1
-3.81,1.91,0.527,0.478,-0.972,0.98,-0.28,0.719,0.482,0.829,"N","vowel","Feature_5",0.1
-4.683,0.773,0.888,2.302,-0.562,0.43,-0.401,-0.289,-0.839,1.165,"N","vowel","Feature_5",0.1
-3.375,1.779,-0.822,0.382,-0.019,0.94,0.123,0.767,0.223,-0.337,"N","vowel","Feature_5",0.1
-3.312,-0.776,-0.504,1.39,0.86,1.2,0.222,0.314,-0.715,-0.765,"P","vowel","Feature_5",0.1
-2.073,0.088,-0.73,0.296,-0.286,1.83,0.154,1.078,0.294,-0.174,"N","vowel","Feature_5",0.1
-1.222,0.491,-0.716,0.004,-0.323,1.14,-0.148,0.773,0.387,-0.073,"N","vowel","Feature_5",0.1
-2.295,0.883,-0.619,-0.041,0.143,0.32,-0.602,0.335,-0.114,-0.391,"N","vowel","Feature_5",0.1
-2.968,2.149,0.13,0.676,-0.79,0.06,-0.507,0.762,0.625,-0.272,"N","vowel","Feature_5",0.1
-2.784,1.43,0.145,0.309,-0.931,1.28,0.017,0.589,-0.044,-0.273,"N","vowel","Feature_5",0.1
-3.073,1.532,0.949,1.541,-1.058,0.28,-0.961,0.449,0.619,0.969,"N","vowel","Feature_5",0.1
-3.958,4.132,-0.074,-0.19,-1.184,-0.06,-0.679,1.198,0.442,0.563,"N","vowel","Feature_5",0.1
-3.947,2.102,0.305,0.462,-0.765,1,-0.618,0.741,0.345,0.269,"N","vowel","Feature_5",0.1
-4.756,0.965,0.959,2.287,-0.527,0.41,-0.41,-0.362,-0.862,1.088,"N","vowel","Feature_5",0.1
-3.366,1.952,-0.898,0.258,0.282,0.77,0.29,0.681,0.431,-0.461,"N","vowel","Feature_5",0.1
-3.137,0.077,-1.157,1.589,0.204,1.98,0.17,0.676,-1.033,-0.635,"P","vowel","Feature_5",0.1
-3.262,0.956,-0.791,1.528,-0.021,0.94,-0.121,0.499,-0.99,-0.621,"N","vowel","Feature_5",0.1
-2.045,0.819,-1.46,0.652,-0.701,0.32,-0.087,0.793,-0.567,-0.013,"N","vowel","Feature_5",0.1
-1.993,1.725,-1.13,0.556,-1.223,0.44,0.211,-0.04,-0.294,-0.548,"N","vowel","Feature_5",0.1
-2.765,2.817,-2.02,0.213,-0.772,0.92,0.252,-0.193,-0.202,-0.093,"N","vowel","Feature_5",0.1
-2.55,2.391,-1.137,0.09,-0.948,0.23,0.051,0.723,-0.558,-0.204,"N","vowel","Feature_5",0.1
-3.297,2.88,-0.859,-0.301,-1.02,0.84,0.288,0.855,-0.528,-0.662,"N","vowel","Feature_5",0.1
-4.047,3.899,-0.423,0.147,-1.273,0.17,0.317,0.531,0.584,-0.11,"N","vowel","Feature_5",0.1
-4.101,2.84,-0.802,0.062,-0.733,1.28,-0.145,0.443,0.049,-0.611,"N","vowel","Feature_5",0.1
-4.693,3.146,-0.136,0.587,-0.731,1.08,-0.104,-0.021,0.637,-0.192,"N","vowel","Feature_5",0.1
-3.73,1.872,-0.801,0.555,-0.427,0.73,0.196,0.65,-0.744,-0.372,"N","vowel","Feature_5",0.1
-3.019,0.058,-1.265,1.497,0.171,1.94,0.178,0.847,-1.16,-0.548,"P","vowel","Feature_5",0.1
-3.339,1.004,-0.747,1.505,-0.068,1,-0.017,0.377,-0.775,-0.899,"N","vowel","Feature_5",0.1
-2.008,0.785,-1.489,0.654,-0.685,0.43,-0.085,0.856,-0.516,-0.053,"N","vowel","Feature_5",0.1
-1.951,1.684,-1.039,0.586,-1.166,0.28,0.33,-0.108,-0.198,-0.609,"N","vowel","Feature_5",0.1
-2.785,2.792,-1.924,0.225,-0.985,1.09,0.07,-0.071,-0.257,-0.135,"N","vowel","Feature_5",0.1
-2.538,2.351,-1.029,0.146,-0.922,0.29,-0.058,0.835,-0.712,-0.074,"N","vowel","Feature_5",0.1
-3.231,3.003,-1.161,-0.315,-0.816,0.8,0.311,0.677,-0.565,-0.7,"N","vowel","Feature_5",0.1
-4.033,4.071,-0.586,0.127,-1.447,0.55,0.197,0.711,0.48,-0.306,"N","vowel","Feature_5",0.1
-4.13,3.105,-1.141,0.183,-0.498,1.3,-0.399,0.675,-0.339,-0.694,"N","vowel","Feature_5",0.1
-4.718,3.281,-0.203,0.651,-0.883,1.24,-0.663,0.583,0.237,-0.307,"N","vowel","Feature_5",0.1
-3.7,1.841,-0.675,0.441,-0.383,0.83,0.176,0.594,-0.677,-0.408,"N","vowel","Feature_5",0.1
-2.973,0.036,-1.273,1.519,0.195,1.89,0.131,0.832,-1.157,-0.547,"P","vowel","Feature_5",0.1
-3.485,1.092,-0.674,1.395,-0.027,1.03,-0.047,0.384,-0.761,-0.934,"N","vowel","Feature_5",0.1
-1.929,0.777,-1.415,0.598,-0.579,0.2,-0.061,0.733,-0.333,-0.235,"N","vowel","Feature_5",0.1
-1.928,1.578,-0.997,0.672,-1.287,0.37,0.249,0.006,-0.167,-0.637,"N","vowel","Feature_5",0.1
-2.823,2.743,-2.012,0.234,-0.919,1.09,0.091,-0.177,-0.143,-0.09,"N","vowel","Feature_5",0.1
-2.521,2.283,-0.954,0.232,-0.918,0.23,-0.094,0.833,-0.704,-0.092,"N","vowel","Feature_5",0.1
-3.173,3.166,-1.501,-0.37,-0.437,0.99,0.179,0.556,-0.794,-0.549,"N","vowel","Feature_5",0.1
-4.049,4.039,-0.558,0.064,-1.676,1.13,0.047,1.024,-0.091,-0.283,"N","vowel","Feature_5",0.1
-4.13,3.291,-1.424,0.359,-0.273,1.28,-0.454,0.62,-0.527,-0.709,"N","vowel","Feature_5",0.1
-4.753,3.421,-0.189,0.656,-0.984,1.47,-0.652,0.546,0.123,-0.326,"N","vowel","Feature_5",0.1
-3.725,1.904,-0.737,0.433,-0.369,1.1,0.12,0.425,-0.678,-0.391,"N","vowel","Feature_5",0.1
-3,0.042,-1.238,1.529,0.187,2.03,0.104,0.759,-1.18,-0.634,"P","vowel","Feature_5",0.1
-3.587,1.193,-0.617,1.34,-0.022,1.09,-0.072,0.368,-0.854,-0.767,"N","vowel","Feature_5",0.1
-1.895,0.755,-1.388,0.638,-0.614,0.3,-0.033,0.693,-0.27,-0.346,"N","vowel","Feature_5",0.1
-1.925,1.517,-0.999,0.634,-1.27,0.32,0.385,0.004,-0.141,-0.624,"N","vowel","Feature_5",0.1
-2.797,2.706,-1.936,0.147,-0.921,1.29,-0.082,-0.006,-0.214,-0.064,"N","vowel","Feature_5",0.1
-2.561,2.191,-0.955,0.214,-0.841,0.37,-0.083,0.74,-0.612,-0.196,"N","vowel","Feature_5",0.1
-3.152,3.176,-1.573,-0.204,-0.485,0.68,0.308,0.652,-0.872,-0.586,"N","vowel","Feature_5",0.1
-4.064,4.106,-0.545,0.03,-1.645,0.84,0.103,0.907,0.05,-0.322,"N","vowel","Feature_5",0.1
-4.139,3.363,-1.464,0.459,-0.066,1.04,-0.146,0.172,-0.124,-0.864,"N","vowel","Feature_5",0.1
-4.782,3.325,-0.071,0.663,-0.913,1.1,-0.033,-0.103,0.483,-0.202,"N","vowel","Feature_5",0.1
-3.731,1.927,-0.705,0.453,-0.372,1.04,0.046,0.323,-0.627,-0.331,"N","vowel","Feature_5",0.1
-3.055,0.088,-1.217,1.562,0.186,2.12,0.054,0.639,-1.121,-0.757,"P","vowel","Feature_5",0.1
-3.711,1.377,-0.584,1.428,-0.033,0.98,-0.127,0.328,-1.092,-0.565,"N","vowel","Feature_5",0.1
-1.926,0.689,-1.433,0.716,-0.588,0.36,-0.044,0.716,-0.245,-0.285,"N","vowel","Feature_5",0.1
-1.948,1.536,-1.012,0.537,-1.229,0.16,0.46,-0.002,-0.178,-0.576,"N","vowel","Feature_5",0.1
-2.8,2.609,-1.726,0.036,-0.941,1.07,0.191,0.044,-0.165,-0.234,"N","vowel","Feature_5",0.1
-2.691,2.111,-1.067,0.174,-0.649,0.41,-0.017,0.655,-0.498,-0.292,"N","vowel","Feature_5",0.1
-3.19,3.101,-1.659,-0.182,-0.436,0.73,0.272,0.502,-0.857,-0.516,"N","vowel","Feature_5",0.1
-4.074,4.187,-0.555,0.052,-1.603,0.72,-0.061,0.981,0.249,-0.25,"N","vowel","Feature_5",0.1
-4.174,3.54,-1.43,0.417,0.267,0.98,-0.118,-0.267,-0.162,-0.71,"N","vowel","Feature_5",0.1
-4.827,3.391,-0.099,0.599,-0.723,0.79,0.089,-0.214,0.518,-0.074,"N","vowel","Feature_5",0.1
-3.735,2.096,-0.818,0.463,-0.221,1.15,0.023,0.224,-0.745,-0.325,"N","vowel","Feature_5",0.1
-3.117,0.146,-1.228,1.635,0.223,2.11,0.036,0.569,-1.15,-0.767,"P","vowel","Feature_5",0.1
-3.871,1.694,-0.606,1.428,0.044,0.77,-0.013,0.126,-1.218,-0.553,"N","vowel","Feature_5",0.1
-2.029,0.698,-1.482,0.813,-0.681,0.39,0.016,0.751,-0.3,-0.237,"N","vowel","Feature_5",0.1
-1.998,1.497,-1.005,0.519,-1.236,0.47,0.273,0.151,-0.319,-0.49,"N","vowel","Feature_5",0.1
-2.914,2.541,-1.567,0.067,-1.051,1.2,0.006,0.289,-0.325,-0.343,"N","vowel","Feature_5",0.1
-2.937,2.183,-1.291,0.355,-0.372,0.59,0.045,0.452,-0.705,-0.263,"N","vowel","Feature_5",0.1
-3.239,2.916,-1.406,-0.455,-0.454,1.22,0.078,0.383,-0.776,-0.413,"N","vowel","Feature_5",0.1
-4.069,4.205,-0.614,-0.06,-1.462,0.39,0.381,0.589,0.405,-0.259,"N","vowel","Feature_5",0.1
-4.235,3.775,-1.593,0.814,0.288,0.89,-0.566,-0.247,-0.409,-0.556,"N","vowel","Feature_5",0.1
-4.884,3.63,-0.279,0.496,-0.67,0.78,-0.005,-0.137,0.532,-0.184,"N","vowel","Feature_5",0.1
-3.756,2.204,-0.716,0.529,-0.284,1.11,0.022,0.127,-0.782,-0.394,"N","vowel","Feature_5",0.1
-4.066,0.398,-0.382,1.679,0.121,1.57,0.504,-0.315,-0.226,-0.873,"P","vowel","Feature_5",0.1
-2.966,0.659,-1.057,1.36,0.152,1.44,0.197,0.926,-0.45,-0.637,"N","vowel","Feature_5",0.1
-2.695,1.119,-0.986,0.172,0.499,0.47,0.088,0.63,-0.721,-0.256,"N","vowel","Feature_5",0.1
-2.482,1.896,-1.289,0.112,0.285,0.11,0.022,0.832,-0.333,-0.764,"N","vowel","Feature_5",0.1
-2.742,2.729,-0.129,-0.49,-0.573,0.89,0.07,0.771,0.053,-0.939,"N","vowel","Feature_5",0.1
-2.434,2.903,-1.341,-0.411,0.372,0.78,-0.022,0.336,0.123,-0.747,"N","vowel","Feature_5",0.1
-2.973,3.557,-0.396,-0.719,-0.669,0.92,0.293,1.009,0.14,-1.098,"N","vowel","Feature_5",0.1
-4.103,3.812,0.255,-0.103,-0.994,0.11,-0.345,2.039,0.02,-0.43,"N","vowel","Feature_5",0.1
-3.863,3.245,-0.996,0.486,-0.348,0.2,0.558,1.342,0.176,-0.318,"N","vowel","Feature_5",0.1
-4.611,2.962,-0.856,1.161,-0.612,0.49,0.162,0.705,0.37,-0.916,"N","vowel","Feature_5",0.1
-3.548,1.611,-0.85,0.374,0.168,0.31,0.463,0.863,-1.131,-0.334,"N","vowel","Feature_5",0.1
-4.052,0.35,-0.314,1.734,0.127,1.74,0.512,-0.377,-0.358,-0.855,"P","vowel","Feature_5",0.1
-3.034,0.694,-1.007,1.453,0.155,1.51,0.179,1.005,-0.54,-0.563,"N","vowel","Feature_5",0.1
-2.667,1.132,-1.054,0.232,0.537,0.36,0.163,0.55,-0.688,-0.295,"N","vowel","Feature_5",0.1
-2.395,1.929,-1.496,0.372,0.065,0.07,0.149,0.813,-0.484,-0.672,"N","vowel","Feature_5",0.1
-2.758,2.839,-0.282,-0.449,-0.485,0.73,0.12,0.792,0.023,-0.949,"N","vowel","Feature_5",0.1
-2.464,2.755,-0.975,-0.651,0.158,1.05,-0.145,0.203,0.246,-0.745,"N","vowel","Feature_5",0.1
-3.045,3.312,0.171,-0.605,-1.027,0.92,0.353,0.897,0.365,-0.871,"N","vowel","Feature_5",0.1
-4.089,3.712,0.315,-0.05,-0.929,0.06,-0.35,1.77,0.244,-0.301,"N","vowel","Feature_5",0.1
-3.989,3.582,-1.1,0.374,-0.12,0.31,0.663,0.96,0.023,-0.477,"N","vowel","Feature_5",0.1
-4.602,3.043,-0.959,0.828,-0.298,0.32,0.423,0.57,0.387,-0.617,"N","vowel","Feature_5",0.1
-3.707,1.486,-0.494,0.402,0.183,0.23,0.234,1.029,-0.856,-0.408,"N","vowel","Feature_5",0.1
-3.894,0.117,-0.407,1.973,0.043,1.93,0.411,-0.095,-0.436,-1.015,"P","vowel","Feature_5",0.1
-3.053,0.716,-1.024,1.422,0.184,1.54,0.261,0.983,-0.431,-0.717,"N","vowel","Feature_5",0.1
-2.615,1.185,-1.162,0.395,0.459,0.31,0.298,0.456,-0.62,-0.307,"N","vowel","Feature_5",0.1
-2.303,1.954,-1.493,0.305,0.047,0.08,0.026,0.902,-0.522,-0.645,"N","vowel","Feature_5",0.1
-2.79,2.665,0.036,-0.44,-0.604,0.75,0.098,0.723,0.134,-0.91,"N","vowel","Feature_5",0.1
-2.445,2.678,-0.816,-0.743,0.076,1.03,-0.057,0.018,0.281,-0.72,"N","vowel","Feature_5",0.1
-3.024,3.26,0.35,-0.577,-1.183,0.79,0.556,0.762,0.395,-0.665,"N","vowel","Feature_5",0.1
-3.983,3.695,0.096,-0.333,-1.01,0.16,-0.108,1.674,0.262,-0.231,"N","vowel","Feature_5",0.1
-3.96,3.373,-1.235,0.152,0.031,0.56,0.558,0.841,-0.133,-0.317,"N","vowel","Feature_5",0.1
-4.617,3.033,-0.909,0.604,-0.341,0.63,0.294,0.527,0.48,-0.558,"N","vowel","Feature_5",0.1
-3.789,1.42,-0.372,0.568,0.123,0.22,0.078,1.006,-0.722,-0.391,"N","vowel","Feature_5",0.1
-3.676,-0.185,-0.563,2.377,0.096,1.89,0.303,0.296,-0.358,-1.205,"P","vowel","Feature_5",0.1
-3.033,0.7,-1.077,1.266,0.196,1.48,0.317,0.947,-0.324,-0.828,"N","vowel","Feature_5",0.1
-2.6,1.219,-1.315,0.589,0.311,0.33,0.451,0.35,-0.556,-0.314,"N","vowel","Feature_5",0.1
-2.316,2.007,-1.365,0.181,0.206,0.06,0.037,0.814,-0.332,-0.753,"N","vowel","Feature_5",0.1
-2.7,2.686,-0.043,-0.528,-0.626,0.86,0.167,0.652,0.1,-0.937,"N","vowel","Feature_5",0.1
-2.444,2.529,-0.487,-0.814,-0.151,1.3,0.077,-0.064,0.287,-0.638,"N","vowel","Feature_5",0.1
-2.969,3.128,0.504,-0.487,-1.371,0.75,0.66,0.676,0.469,-0.525,"N","vowel","Feature_5",0.1
-3.878,3.816,-0.155,-0.668,-1.207,0.59,0.022,1.972,-0.029,-0.29,"N","vowel","Feature_5",0.1
-3.896,2.768,-0.816,-0.014,-0.125,0.09,0.307,1.203,0.246,-0.118,"N","vowel","Feature_5",0.1
-4.717,3.059,-0.682,0.532,-0.48,0.72,0.174,0.493,0.635,-0.473,"N","vowel","Feature_5",0.1
-3.689,1.367,-0.389,0.376,0.136,0.28,0.156,1.01,-0.611,-0.551,"N","vowel","Feature_5",0.1
-3.644,-0.215,-0.579,2.307,0.046,1.91,0.28,0.272,-0.539,-1.226,"P","vowel","Feature_5",0.1
-3.034,0.452,-0.946,0.931,0.128,1.52,0.142,0.932,-0.104,-0.974,"N","vowel","Feature_5",0.1
-2.817,1.268,-1.127,0.707,0.399,0.44,0.289,0.319,-0.691,-0.379,"N","vowel","Feature_5",0.1
-2.382,1.984,-1.096,-0.103,0.369,0.21,-0.125,0.752,-0.136,-0.959,"N","vowel","Feature_5",0.1
-2.54,2.925,-0.377,-0.745,-0.562,1.02,0.303,0.539,0.127,-0.959,"N","vowel","Feature_5",0.1
-2.505,2.358,-0.184,-0.792,-0.316,1.4,0.302,-0.121,0.214,-0.622,"N","vowel","Feature_5",0.1
-2.951,2.64,0.832,-0.387,-1.502,0.23,0.756,0.538,0.616,-0.399,"N","vowel","Feature_5",0.1
-3.979,3.661,0.169,-0.598,-1.412,0.59,0.009,1.939,0.094,-0.149,"N","vowel","Feature_5",0.1
-4.083,2.315,-0.375,0.52,-0.019,-0.19,-0.172,1.054,0.387,0.168,"N","vowel","Feature_5",0.1
-4.805,3.228,-0.501,0.602,-0.532,0.63,0.09,0.445,0.756,-0.42,"N","vowel","Feature_5",0.1
-3.661,1.292,-0.433,0.34,0.098,0.36,0.246,0.911,-0.415,-0.507,"N","vowel","Feature_5",0.1
-3.337,-0.347,-0.79,2.129,-0.058,2.02,0.295,0.246,-0.687,-1.241,"P","vowel","Feature_5",0.1
-3,0.217,-0.855,0.803,-0.008,1.71,-0.01,1.07,-0.061,-1.046,"N","vowel","Feature_5",0.1
-3.047,1.267,-0.799,0.507,0.524,0.57,0.044,0.302,-0.731,-0.431,"N","vowel","Feature_5",0.1
-2.45,1.993,-1.08,-0.09,0.367,0.31,-0.164,0.684,-0.181,-1.013,"N","vowel","Feature_5",0.1
-2.544,2.725,-0.067,-0.787,-0.903,0.95,0.524,0.32,0.283,-0.822,"N","vowel","Feature_5",0.1
-2.703,2.066,0.205,-0.63,-0.345,1.3,0.403,-0.032,0.247,-0.696,"N","vowel","Feature_5",0.1
-3.015,2.219,0.996,-0.455,-1.514,-0.07,0.864,0.468,0.657,-0.343,"N","vowel","Feature_5",0.1
-4.122,3.177,0.529,-0.176,-1.307,0.07,-0.279,1.353,0.458,-0.009,"N","vowel","Feature_5",0.1
-4.047,2.626,-0.597,0.823,-0.266,0.19,0.049,0.882,0.359,-0.203,"N","vowel","Feature_5",0.1
-4.893,3.37,-0.464,0.538,-0.327,0.5,0.27,0.47,0.742,-0.141,"N","vowel","Feature_5",0.1
-3.664,1.119,-0.459,0.482,0.082,0.23,0.185,0.861,-0.237,-0.413,"N","vowel","Feature_5",0.1
-2.463,-0.197,-1.264,1.15,0.234,1.9,0.066,0.738,-1.382,-0.498,"P","vowel","Feature_5",0.1
-2.913,0.757,-0.819,1.245,0.419,1.18,0.051,0.328,-0.96,-0.614,"N","vowel","Feature_5",0.1
-2.012,1.134,-1.029,0.205,0.661,0.35,0.456,0.372,-0.939,-0.613,"N","vowel","Feature_5",0.1
-2.101,1.502,-0.322,-0.363,0.026,0.17,0.162,-0.074,-0.106,-0.397,"N","vowel","Feature_5",0.1
-2.565,1.871,-0.269,0.187,-0.656,0.31,-0.328,0.184,0.348,-0.511,"N","vowel","Feature_5",0.1
-2.346,1.604,-0.283,0.393,-0.416,0.3,-0.463,0.387,0.253,-0.504,"N","vowel","Feature_5",0.1
-3.008,2.882,-0.9,0.214,-0.565,-0.2,0.449,0.305,0.413,-0.3,"N","vowel","Feature_5",0.1
-3.823,3.536,-2.07,0.245,-0.442,1.15,0.73,0.538,-0.006,-0.64,"N","vowel","Feature_5",0.1
-4.019,3.52,-1.058,-0.2,-0.545,1.37,0.351,0.82,-0.868,-0.434,"N","vowel","Feature_5",0.1
-4.022,0.941,-0.623,1.461,0.02,1.88,-0.074,0.464,-0.541,-0.211,"N","vowel","Feature_5",0.1
-3.209,1.85,-0.394,0.555,0.425,0.36,0.067,0.077,-0.163,-0.944,"N","vowel","Feature_5",0.1
-2.377,-0.266,-1.371,1.09,0.24,1.86,0.107,0.702,-1.256,-0.62,"P","vowel","Feature_5",0.1
-2.961,0.766,-0.8,0.962,0.658,0.96,0.347,-0.015,-0.425,-0.746,"N","vowel","Feature_5",0.1
-2.207,1.09,-0.627,0.024,0.912,0.76,0.241,0.348,-0.702,-0.912,"N","vowel","Feature_5",0.1
-2.131,1.487,-0.302,-0.272,0.012,0.03,0.149,0.022,-0.133,-0.322,"N","vowel","Feature_5",0.1
-2.596,1.867,-0.208,0.208,-0.574,0.14,-0.214,0.116,0.395,-0.541,"N","vowel","Feature_5",0.1
-2.378,1.568,-0.243,0.407,-0.428,0.25,-0.293,0.297,0.372,-0.512,"N","vowel","Feature_5",0.1
-3.117,2.876,-0.746,-0.047,-0.427,-0.02,0.453,0.305,0.541,-0.489,"N","vowel","Feature_5",0.1
-3.911,3.703,-1.965,0.132,-0.209,1,0.811,0.495,-0.142,-0.519,"N","vowel","Feature_5",0.1
-4.135,3.651,-0.751,-0.066,-0.789,1.08,0.496,0.788,-0.883,-0.351,"N","vowel","Feature_5",0.1
-4.028,0.982,-0.648,1.478,-0.048,2.14,-0.146,0.467,-0.654,-0.193,"N","vowel","Feature_5",0.1
-3.265,1.933,-0.316,0.602,0.438,0.33,0.048,0.134,-0.16,-0.991,"N","vowel","Feature_5",0.1
-2.382,-0.294,-1.397,1.051,0.211,1.92,0.151,0.654,-1.286,-0.609,"P","vowel","Feature_5",0.1
-2.941,0.71,-0.855,0.902,0.635,0.98,0.466,0.01,-0.342,-0.588,"N","vowel","Feature_5",0.1
-2.306,1.086,-0.59,0.106,0.931,0.71,0.213,0.274,-0.684,-0.911,"N","vowel","Feature_5",0.1
-2.162,1.533,-0.267,-0.287,-0.026,0.23,0.168,-0.024,-0.268,-0.27,"N","vowel","Feature_5",0.1
-2.639,1.88,-0.389,0.204,-0.571,0.12,-0.233,0.279,0.426,-0.598,"N","vowel","Feature_5",0.1
-2.458,1.586,-0.359,0.376,-0.244,0.23,-0.163,0.298,0.444,-0.711,"N","vowel","Feature_5",0.1
-3.242,2.901,-0.632,-0.332,-0.421,0.23,0.536,0.142,0.623,-0.616,"N","vowel","Feature_5",0.1
-3.977,3.684,-1.242,-0.364,-0.217,0.58,0.759,0.6,0.069,-0.25,"N","vowel","Feature_5",0.1
-4.094,3.586,-0.845,-0.026,-0.538,0.94,0.666,0.647,-0.412,-0.477,"N","vowel","Feature_5",0.1
-4.138,1.128,-0.601,1.553,-0.019,2.05,-0.176,0.262,-0.551,-0.362,"N","vowel","Feature_5",0.1
-3.242,1.802,-0.482,0.699,0.424,0.31,0.115,0.272,-0.205,-1.074,"N","vowel","Feature_5",0.1
-2.453,-0.32,-1.368,1.04,0.174,1.99,0.158,0.59,-1.318,-0.587,"P","vowel","Feature_5",0.1
-2.957,0.596,-0.756,0.89,0.58,0.77,0.543,0.036,-0.232,-0.579,"N","vowel","Feature_5",0.1
-2.289,1.106,-0.816,0.228,0.867,0.64,0.338,0.298,-0.843,-0.832,"N","vowel","Feature_5",0.1
-2.175,1.631,-0.331,-0.203,-0.159,0.24,0.18,-0.093,-0.351,-0.267,"N","vowel","Feature_5",0.1
-2.723,1.975,-0.636,0.336,-0.677,0.17,-0.342,0.479,0.381,-0.729,"N","vowel","Feature_5",0.1
-2.58,1.608,-0.311,0.273,-0.148,0.25,-0.062,0.167,0.337,-0.692,"N","vowel","Feature_5",0.1
-3.311,2.946,-0.808,-0.3,-0.457,0.3,0.515,0.149,0.533,-0.718,"N","vowel","Feature_5",0.1
-4.052,3.747,-1.24,-0.299,-0.426,0.93,0.517,0.716,-0.21,-0.125,"N","vowel","Feature_5",0.1
-4.039,3.506,-0.964,0.041,-0.4,1,0.65,0.659,-0.216,-0.327,"N","vowel","Feature_5",0.1
-4.319,1.338,-0.549,1.678,0.027,1.85,-0.228,0.161,-0.47,-0.442,"N","vowel","Feature_5",0.1
-3.329,1.788,-0.517,0.597,0.503,0.3,0.121,0.176,-0.159,-0.98,"N","vowel","Feature_5",0.1
-2.46,-0.325,-1.404,0.928,0.122,2.14,0.274,0.532,-1.113,-0.769,"P","vowel","Feature_5",0.1
-2.904,0.458,-0.656,0.832,0.61,0.79,0.568,0.041,-0.114,-0.615,"N","vowel","Feature_5",0.1
-2.318,1.097,-0.832,0.26,0.821,0.63,0.402,0.327,-0.852,-0.773,"N","vowel","Feature_5",0.1
-2.147,1.655,-0.355,-0.082,-0.194,0.35,0.146,-0.083,-0.314,-0.308,"N","vowel","Feature_5",0.1
-2.733,2.026,-0.71,0.377,-0.774,0.32,-0.469,0.693,0.205,-0.74,"N","vowel","Feature_5",0.1
-2.729,1.595,-0.15,0.167,0.015,0.34,0.083,-0.038,0.166,-0.672,"N","vowel","Feature_5",0.1
-3.338,3.033,-1.189,-0.269,-0.364,0.47,0.491,0.148,0.365,-0.931,"N","vowel","Feature_5",0.1
-4.048,3.753,-1.15,-0.209,-0.53,0.79,0.445,0.716,-0.131,0.139,"N","vowel","Feature_5",0.1
-4.142,3.454,-0.653,0.271,-0.598,0.78,0.563,0.52,-0.118,-0.33,"N","vowel","Feature_5",0.1
-4.457,1.512,-0.514,1.764,0.063,1.76,-0.332,0.189,-0.521,-0.415,"N","vowel","Feature_5",0.1
-3.407,1.821,-0.675,0.765,0.256,0.52,-0.09,0.322,-0.387,-0.968,"N","vowel","Feature_5",0.1
-2.391,-0.347,-1.474,0.843,0.089,2.1,0.417,0.502,-0.86,-0.978,"P","vowel","Feature_5",0.1
-2.919,0.463,-0.716,0.957,0.635,0.76,0.501,0.048,-0.134,-0.638,"N","vowel","Feature_5",0.1
-2.385,1.01,-0.754,0.37,0.785,0.34,0.415,0.318,-0.797,-0.679,"N","vowel","Feature_5",0.1
-2.104,1.6,-0.297,-0.071,-0.172,0.13,0.152,-0.089,-0.296,-0.37,"N","vowel","Feature_5",0.1
-2.706,2.07,-0.691,0.31,-0.745,0.26,-0.413,0.602,0.36,-0.713,"N","vowel","Feature_5",0.1
-2.855,1.587,-0.03,0.202,0.165,0.44,0.207,-0.067,-0.013,-0.712,"N","vowel","Feature_5",0.1
-3.339,3.011,-1.264,-0.343,-0.119,0.54,0.589,0.078,0.221,-0.822,"N","vowel","Feature_5",0.1
-4.039,3.689,-1.007,-0.139,-0.542,0.58,0.535,0.465,0.194,0.168,"N","vowel","Feature_5",0.1
-4.172,3.07,-0.781,0.516,-0.627,0.95,0.531,0.441,-0.102,-0.456,"N","vowel","Feature_5",0.1
-4.494,1.535,-0.495,1.715,0.044,1.81,-0.367,0.362,-0.583,-0.291,"N","vowel","Feature_5",0.1
-3.285,1.547,-0.897,0.917,0.127,0.4,-0.011,0.502,-0.557,-0.715,"N","vowel","Feature_5",0.1
-3.415,-0.538,0.241,2.038,0.622,1.06,-0.701,-0.66,-0.418,0.781,"P","vowel","Feature_5",0.1
-3.439,1.007,0.02,1.491,0.777,0.28,-0.777,-0.282,-0.707,0.746,"N","vowel","Feature_5",0.1
-2.814,1.515,-0.088,0.597,-0.033,-0.15,-0.445,0.113,-0.136,0.662,"N","vowel","Feature_5",0.1
-2.027,2.157,-0.297,-0.211,-0.266,0.22,-0.176,-0.179,-0.283,0.292,"N","vowel","Feature_5",0.1
-2.263,3.344,-1.165,-0.625,-0.159,0.92,0.13,-0.33,-0.783,0.31,"N","vowel","Feature_5",0.1
-2.594,2.584,-0.37,-0.524,-0.177,0.45,-0.137,0.095,-0.731,0.072,"N","vowel","Feature_5",0.1
-2.702,3.596,-0.57,-1.041,-0.709,0.99,0.403,0.426,-1.013,-0.009,"N","vowel","Feature_5",0.1
-3.44,3.203,-0.698,-0.86,-0.542,1.55,0.922,0.467,-0.183,-0.919,"N","vowel","Feature_5",0.1
-3.961,4.144,-0.934,-0.089,-0.612,0.9,0.326,0.182,-0.487,-0.719,"N","vowel","Feature_5",0.1
-4.471,3.192,-0.161,0.117,-0.327,0.38,-0.201,0.919,-0.716,-0.933,"N","vowel","Feature_5",0.1
-3.012,2.252,-0.806,0.389,-0.11,0.68,-0.328,0.321,-0.559,0.234,"N","vowel","Feature_5",0.1
-3.705,-0.204,0.274,1.569,0.883,1.29,-0.94,-0.691,-0.162,0.598,"P","vowel","Feature_5",0.1
-3.303,0.702,-0.209,1.627,0.818,0.37,-0.541,-0.198,-0.717,0.768,"N","vowel","Feature_5",0.1
-2.64,1.322,-0.111,0.861,0.026,-0.4,-0.425,0.083,-0.235,0.781,"N","vowel","Feature_5",0.1
-1.948,2.143,-0.068,-0.211,-0.238,0.22,-0.27,-0.238,-0.342,0.147,"N","vowel","Feature_5",0.1
-2.247,3.42,-0.887,-0.823,-0.297,0.73,0.185,-0.242,-0.79,0.046,"N","vowel","Feature_5",0.1
-2.489,2.401,-0.44,-0.367,-0.069,0.47,0.011,0.118,-0.621,-0.188,"N","vowel","Feature_5",0.1
-2.776,3.557,-0.435,-1.044,-0.572,1.21,0.221,0.295,-0.986,-0.04,"N","vowel","Feature_5",0.1
-3.356,3.236,-0.653,-0.9,-0.661,1.44,0.901,0.395,-0.139,-0.726,"N","vowel","Feature_5",0.1
-3.909,3.674,-0.648,0.088,-0.365,0.15,0.424,0.336,-0.012,-0.252,"N","vowel","Feature_5",0.1
-4.386,3.055,0.075,-0.018,-0.436,0.53,-0.288,0.936,-0.577,-1.01,"N","vowel","Feature_5",0.1
-3.067,2.549,-0.851,0.505,0.044,0.64,-0.377,0.147,-0.606,0.189,"N","vowel","Feature_5",0.1
-3.699,-0.251,0.268,1.585,0.85,1.37,-0.867,-0.71,-0.19,0.567,"P","vowel","Feature_5",0.1
-3.266,0.577,-0.261,1.481,0.874,0.36,-0.496,-0.012,-0.623,0.879,"N","vowel","Feature_5",0.1
-2.676,1.411,-0.098,1.047,-0.04,-0.13,-0.56,-0.03,-0.192,0.705,"N","vowel","Feature_5",0.1
-1.899,2.135,0.092,-0.11,-0.145,-0.01,-0.067,-0.104,-0.408,-0.099,"N","vowel","Feature_5",0.1
-2.305,3.625,-1.203,-0.665,-0.296,0.67,0.197,-0.282,-0.842,0.188,"N","vowel","Feature_5",0.1
-2.489,2.379,-0.523,-0.158,-0.178,0.43,0.198,0.059,-0.589,-0.256,"N","vowel","Feature_5",0.1
-2.898,3.393,-0.409,-0.993,-0.587,1.37,0.24,0.231,-1.068,-0.094,"N","vowel","Feature_5",0.1
-3.376,3.327,-0.797,-0.849,-0.681,1.09,0.838,0.244,-0.298,-0.618,"N","vowel","Feature_5",0.1
-3.828,3.188,-0.388,0.055,-0.185,-0.08,0.503,0.273,0.326,0.1,"N","vowel","Feature_5",0.1
-4.283,2.829,0.296,0.086,-0.544,0.51,-0.317,0.995,-0.34,-1.113,"N","vowel","Feature_5",0.1
-3.189,2.62,-0.833,0.45,0.009,0.45,-0.348,0.126,-0.614,0.081,"N","vowel","Feature_5",0.1
-3.49,-0.474,0.187,1.747,0.733,1.33,-0.816,-0.787,-0.222,0.41,"P","vowel","Feature_5",0.1
-3.155,0.613,-0.285,1.287,0.882,0.38,-0.624,0.067,-0.516,0.891,"N","vowel","Feature_5",0.1
-2.762,1.51,-0.145,1.157,-0.256,0.06,-0.647,-0.324,-0.128,0.806,"N","vowel","Feature_5",0.1
-1.959,2.285,-0.089,-0.262,-0.013,0.07,-0.233,-0.068,-0.268,-0.022,"N","vowel","Feature_5",0.1
-2.364,3.743,-1.393,-0.361,-0.354,0.98,0.208,-0.376,-1.046,0.722,"N","vowel","Feature_5",0.1
-2.577,2.449,-0.38,0.174,-0.41,0.51,0.19,0.097,-0.489,-0.084,"N","vowel","Feature_5",0.1
-2.919,3.48,-0.823,-0.751,-0.416,1.06,0.609,0.18,-1.172,0.123,"N","vowel","Feature_5",0.1
-3.387,3.286,-0.747,-0.699,-0.9,0.96,0.875,0.46,-0.457,-0.636,"N","vowel","Feature_5",0.1
-3.818,3.159,-0.298,-0.058,-0.348,0.17,0.593,0.211,0.531,-0.014,"N","vowel","Feature_5",0.1
-4.299,2.775,0.244,0.177,-0.436,0.25,-0.308,1.175,-0.227,-1.115,"N","vowel","Feature_5",0.1
-3.269,2.489,-0.76,0.352,-0.092,0.48,-0.27,0.242,-0.523,0.01,"N","vowel","Feature_5",0.1
-2.852,-0.805,-0.313,1.565,0.688,1.41,-0.664,-0.916,-0.279,0.489,"P","vowel","Feature_5",0.1
-3.379,0.95,-0.06,1.47,0.538,0.05,-0.681,-0.098,-0.405,0.912,"N","vowel","Feature_5",0.1
-2.836,1.561,-0.076,1.229,-0.291,-0.06,-0.369,-0.393,-0.181,0.85,"N","vowel","Feature_5",0.1
-2.021,2.493,-0.416,-0.116,0.094,-0.05,-0.4,-0.08,-0.136,0.069,"N","vowel","Feature_5",0.1
-2.411,3.85,-1.405,-0.302,-0.398,1.07,0.216,-0.291,-1.116,1.043,"N","vowel","Feature_5",0.1
-2.708,2.56,-0.439,0.324,-0.348,0.35,0.091,-0.037,-0.434,0.344,"N","vowel","Feature_5",0.1
-2.883,3.576,-1.198,-0.562,-0.162,0.84,0.764,-0.03,-1.023,0.346,"N","vowel","Feature_5",0.1
-3.39,3.422,-0.718,-0.667,-0.871,0.8,0.959,0.555,-0.482,-0.724,"N","vowel","Feature_5",0.1
-3.972,3.24,-0.829,0.069,-0.617,0.97,0.532,0.498,-0.191,-0.91,"N","vowel","Feature_5",0.1
-4.513,3.08,0.068,0.05,-0.484,0.32,-0.257,1.302,-0.517,-1.057,"N","vowel","Feature_5",0.1
-3.292,2.595,-0.578,0.42,-0.233,0.39,-0.241,0.437,-0.541,-0.021,"N","vowel","Feature_5",0.1
-2.527,-0.926,-0.571,1.613,0.628,1.18,-0.687,-0.808,-0.354,0.625,"P","vowel","Feature_5",0.1
-3.498,1.669,0.076,1.53,0.38,-0.17,-0.814,-0.208,-0.307,1.053,"N","vowel","Feature_5",0.1
-2.851,1.412,-0.184,1.281,0,-0.04,-0.172,-0.419,-0.307,0.874,"N","vowel","Feature_5",0.1
-2.026,2.433,-0.411,0.064,0.223,-0.09,-0.424,-0.009,-0.305,0.345,"N","vowel","Feature_5",0.1
-2.46,3.706,-1.304,-0.339,-0.487,1.07,0.187,-0.211,-1.068,0.944,"N","vowel","Feature_5",0.1
-2.879,2.662,-0.572,0.425,-0.248,0.25,0.176,-0.281,-0.404,0.605,"N","vowel","Feature_5",0.1
-2.818,3.685,-1.413,-0.558,0.025,0.86,0.688,-0.144,-0.93,0.282,"N","vowel","Feature_5",0.1
-3.396,3.867,-1.029,-0.603,-0.573,0.74,1.209,0.228,-0.673,-0.562,"N","vowel","Feature_5",0.1
-3.905,3.147,-1.259,0.304,-0.216,1.15,0.578,0.353,-0.517,-0.871,"N","vowel","Feature_5",0.1
-4.568,3.344,-0.005,-0.092,-0.546,0.55,-0.168,1.186,-0.565,-1.025,"N","vowel","Feature_5",0.1
-3.35,2.713,-0.472,0.4,-0.196,0.22,-0.224,0.53,-0.358,-0.091,"N","vowel","Feature_5",0.1
-4.711,1.166,1.244,1.746,0.311,-0.22,-0.691,-0.137,-0.288,1.023,"P","vowel","Feature_5",0.1
-4.057,1.925,0.521,1.331,0.273,-0.14,-0.365,-0.665,-0.512,0.716,"N","vowel","Feature_5",0.1
-3.097,1.385,-0.173,1.392,-0.613,-0.14,-0.014,-0.565,-0.065,1.129,"N","vowel","Feature_5",0.1
-2.931,1.85,-0.896,0.685,-1,0.47,0.212,-0.276,-0.203,0.595,"N","vowel","Feature_5",0.1
-2.942,2.642,-1.217,0.384,-0.994,1.45,0.134,-0.458,-0.465,0.646,"N","vowel","Feature_5",0.1
-3.065,1.781,-0.915,0.698,0.175,0.65,-0.086,-0.361,-0.774,0.951,"N","vowel","Feature_5",0.1
-3.318,3.395,-1.706,0.753,-0.214,1.49,0,-0.192,-1.33,0.03,"N","vowel","Feature_5",0.1
-3.747,4.267,-1.847,-0.235,0.38,0.9,-0.049,-0.258,-0.772,-0.11,"N","vowel","Feature_5",0.1
-4.039,2.061,-0.727,0.888,0.302,0.42,-0.381,-0.194,-0.614,0.41,"N","vowel","Feature_5",0.1
-4.08,2.242,-0.28,1.876,0.72,-0.41,-0.537,-0.54,-0.663,0.238,"N","vowel","Feature_5",0.1
-3.483,2.628,-0.383,0.838,0.2,0.11,-0.162,-0.547,-0.791,1.018,"N","vowel","Feature_5",0.1
-4.689,1.015,1.312,1.802,0.313,-0.46,-0.663,0.106,-0.325,0.838,"P","vowel","Feature_5",0.1
-4.013,2.101,0.295,1.292,0.45,-0.06,-0.565,-0.588,-0.343,0.695,"N","vowel","Feature_5",0.1
-2.972,1.151,-0.293,1.609,-0.724,0.14,-0.087,-0.801,0.04,1.07,"N","vowel","Feature_5",0.1
-3.029,1.747,-0.899,0.674,-1.046,0.54,0.204,-0.155,-0.237,0.655,"N","vowel","Feature_5",0.1
-2.926,2.673,-1.242,0.396,-1.029,1.57,0.05,-0.592,-0.331,0.595,"N","vowel","Feature_5",0.1
-3.075,1.824,-0.905,0.727,0.155,0.64,-0.075,-0.377,-0.74,0.852,"N","vowel","Feature_5",0.1
-3.4,3.441,-1.805,0.814,-0.162,1.45,-0.11,-0.499,-1.201,-0.046,"N","vowel","Feature_5",0.1
-3.797,4.314,-1.596,-0.476,0.044,0.97,0.129,-0.141,-0.646,-0.318,"N","vowel","Feature_5",0.1
-4.083,2.193,-0.492,0.695,0.251,0.42,-0.558,-0.123,-0.53,0.376,"N","vowel","Feature_5",0.1
-4.045,2.377,-0.3,2.002,0.826,-0.2,-0.768,-0.408,-0.787,0.156,"N","vowel","Feature_5",0.1
-3.455,2.561,-0.421,0.847,0.33,0.02,-0.177,-0.494,-0.786,0.951,"N","vowel","Feature_5",0.1
-4.756,1.197,1.431,1.54,0.262,-0.22,-0.741,0.075,-0.26,0.876,"P","vowel","Feature_5",0.1
-3.999,2.138,0.295,1.086,0.699,-0.09,-0.634,-0.4,-0.505,0.856,"N","vowel","Feature_5",0.1
-2.964,1.154,-0.373,1.511,-0.583,0.13,-0.012,-0.949,-0.054,1.16,"N","vowel","Feature_5",0.1
-3.053,1.518,-0.729,0.828,-1.211,0.39,0.326,-0.136,-0.263,0.75,"N","vowel","Feature_5",0.1
-2.967,2.781,-1.277,0.354,-0.936,1.61,-0.004,-0.418,-0.56,0.725,"N","vowel","Feature_5",0.1
-3.206,1.899,-0.933,0.733,0.261,0.61,-0.225,-0.339,-0.677,0.765,"N","vowel","Feature_5",0.1
-3.492,3.446,-1.734,0.705,-0.23,1.44,0.092,-0.698,-1.143,-0.05,"N","vowel","Feature_5",0.1
-3.847,4.268,-1.521,-0.465,-0.23,1.11,-0.02,0.005,-0.577,-0.509,"N","vowel","Feature_5",0.1
-4.052,2.335,-0.415,0.732,0.234,0.54,-0.49,-0.218,-0.618,0.34,"N","vowel","Feature_5",0.1
-4.001,2.284,-0.365,2.106,1.006,-0.12,-0.825,-0.39,-0.898,0.099,"N","vowel","Feature_5",0.1
-3.446,2.44,-0.37,0.926,0.194,0.21,-0.098,-0.557,-0.889,0.985,"N","vowel","Feature_5",0.1
-4.763,1.305,1.231,1.548,0.308,-0.24,-0.792,-0.124,-0.107,0.885,"P","vowel","Feature_5",0.1
-3.99,2.008,0.503,0.845,0.774,-0.22,-0.641,-0.282,-0.734,0.877,"N","vowel","Feature_5",0.1
-2.965,1.124,-0.349,1.581,-0.666,0.16,-0.025,-0.887,-0.13,1.11,"N","vowel","Feature_5",0.1
-3.055,1.4,-0.686,0.964,-1.29,0.63,0.337,-0.299,-0.173,0.69,"N","vowel","Feature_5",0.1
-2.964,2.811,-1.317,0.324,-0.781,1.31,0.127,-0.368,-0.677,0.493,"N","vowel","Feature_5",0.1
-3.371,2.007,-0.919,0.843,0.221,0.51,-0.317,-0.37,-0.5,0.652,"N","vowel","Feature_5",0.1
-3.554,3.386,-1.703,0.555,-0.072,1.08,0.237,-0.625,-1.067,-0.176,"N","vowel","Feature_5",0.1
-3.852,4.214,-1.556,-0.336,-0.305,1.16,-0.152,0.237,-0.915,-0.445,"N","vowel","Feature_5",0.1
-3.963,2.272,-0.534,0.977,0.329,0.55,-0.363,-0.425,-0.712,0.41,"N","vowel","Feature_5",0.1
-3.985,2.192,-0.426,2.163,1.114,0.07,-0.846,-0.468,-0.858,0.037,"N","vowel","Feature_5",0.1
-3.51,2.535,-0.26,0.946,-0.072,0.27,-0.112,-0.657,-0.789,0.914,"N","vowel","Feature_5",0.1
-4.754,1.329,1.09,1.765,0.217,-0.14,-0.782,-0.154,0.023,0.85,"P","vowel","Feature_5",0.1
-3.966,2.003,0.391,1.034,0.659,-0.26,-0.448,-0.397,-0.769,0.969,"N","vowel","Feature_5",0.1
-2.959,1.061,-0.351,1.745,-0.851,0.35,-0.373,-0.729,0.048,0.815,"N","vowel","Feature_5",0.1
-3.194,1.589,-0.774,0.814,-1.087,0.6,0.218,-0.45,-0.003,0.526,"N","vowel","Feature_5",0.1
-2.928,2.83,-1.361,0.323,-0.739,1.45,0.002,-0.172,-0.939,0.607,"N","vowel","Feature_5",0.1
-3.456,2.027,-0.862,0.887,0.281,0.45,-0.307,-0.387,-0.6,0.725,"N","vowel","Feature_5",0.1
-3.52,3.318,-1.867,0.691,0.263,0.79,0.14,-0.62,-1.098,0.083,"N","vowel","Feature_5",0.1
-3.838,4.252,-1.621,-0.219,-0.281,0.81,0.154,0.133,-0.92,-0.454,"N","vowel","Feature_5",0.1
-3.857,2.133,-0.58,0.996,0.502,0.55,-0.283,-0.468,-0.983,0.613,"N","vowel","Feature_5",0.1
-4.062,2.358,-0.31,1.895,1.095,0.05,-0.87,-0.524,-0.98,-0.065,"N","vowel","Feature_5",0.1
-3.591,2.78,-0.301,0.812,-0.008,-0.11,-0.268,-0.564,-0.788,0.948,"N","vowel","Feature_5",0.1
-4.687,1.152,1.089,1.915,0.201,-0.26,-0.692,-0.105,-0.143,0.884,"P","vowel","Feature_5",0.1
-3.917,1.925,0.267,1.361,0.453,-0.24,-0.242,-0.633,-0.62,1.039,"N","vowel","Feature_5",0.1
-3.004,1.09,-0.328,1.652,-0.679,0.38,-0.297,-0.695,-0.145,0.71,"N","vowel","Feature_5",0.1
-3.341,1.714,-0.773,0.771,-0.976,0.62,0.078,-0.438,-0.084,0.607,"N","vowel","Feature_5",0.1
-2.902,2.796,-1.199,0.234,-0.821,1.19,0.263,-0.075,-1.103,0.417,"N","vowel","Feature_5",0.1
-3.567,2.081,-0.579,0.845,0.126,0.38,-0.179,-0.51,-0.846,0.987,"N","vowel","Feature_5",0.1
-3.57,3.41,-1.576,0.563,0.002,0.82,0.285,-0.466,-1.409,0.586,"N","vowel","Feature_5",0.1
-3.792,4.29,-1.531,-0.125,-0.312,0.6,0.324,-0.053,-0.942,-0.301,"N","vowel","Feature_5",0.1
-3.862,2.109,-0.65,0.99,0.724,0.69,-0.293,-0.519,-1.055,0.653,"N","vowel","Feature_5",0.1
-4.118,2.542,-0.2,1.616,1.106,-0.04,-0.728,-0.544,-0.912,-0.101,"N","vowel","Feature_5",0.1
-3.636,2.719,-0.178,0.665,0.099,-0.11,-0.333,-0.362,-1.049,0.978,"N","vowel","Feature_5",0.1
-4.047,0.913,0.734,1.479,0.258,0.19,-1.117,-0.423,-0.336,0.982,"P","vowel","Feature_5",0.1
-3.811,2.123,0.278,1.552,0.754,0.5,-0.584,-0.433,-0.988,0.652,"N","vowel","Feature_5",0.1
-3.441,1.975,-0.395,1.024,-0.052,-0.22,-0.445,0.168,-0.684,1.04,"N","vowel","Feature_5",0.1
-2.584,2.091,-1.451,0.889,-0.464,0.16,-0.213,-0.245,-0.138,1.206,"N","vowel","Feature_5",0.1
-3.119,3.135,-1.466,-0.352,-0.023,0.8,0.143,-0.231,-0.376,0.721,"N","vowel","Feature_5",0.1
-2.871,3.13,-1.3,0.008,-0.288,0.51,0.258,-0.342,-0.614,0.83,"N","vowel","Feature_5",0.1
-3.059,2.895,-0.847,-0.364,-0.484,0.98,0.502,0.506,-0.733,0.078,"N","vowel","Feature_5",0.1
-3.642,3.582,-1.031,-0.761,0.046,1.28,0.841,0.512,-0.259,-0.447,"N","vowel","Feature_5",0.1
-3.977,2.976,0.309,-0.259,0.026,0.89,-0.317,0.492,-0.674,-0.659,"N","vowel","Feature_5",0.1
-4.008,2.141,-0.18,1.041,0.688,0.66,-0.879,-0.201,-1.066,-0.549,"N","vowel","Feature_5",0.1
-3.451,2.257,-0.845,0.432,0.486,0.31,-0.215,0.006,-1.082,0.759,"N","vowel","Feature_5",0.1
-3.836,0.508,0.645,1.721,0.28,0.29,-0.911,-0.592,-0.631,1.023,"P","vowel","Feature_5",0.1
-3.709,1.665,0.138,1.551,0.975,0.96,-0.396,-0.234,-1.154,0.736,"N","vowel","Feature_5",0.1
-3.369,1.784,-0.603,1.303,0.007,-0.07,-0.459,-0.012,-0.591,1.047,"N","vowel","Feature_5",0.1
-2.627,2.089,-1.434,0.937,-0.615,0.4,-0.311,-0.203,0.038,0.933,"N","vowel","Feature_5",0.1
-3.074,3.062,-1.47,-0.379,0.233,0.53,-0.099,-0.135,-0.395,0.572,"N","vowel","Feature_5",0.1
-2.902,2.988,-1.152,0.057,-0.477,0.57,0.338,-0.368,-0.689,0.793,"N","vowel","Feature_5",0.1
-3.027,2.903,-0.799,-0.452,-0.503,1.03,0.679,0.483,-0.776,-0.062,"N","vowel","Feature_5",0.1
-3.634,3.589,-1.075,-0.709,0.058,0.97,0.878,0.627,-0.111,-0.437,"N","vowel","Feature_5",0.1
-3.924,2.726,0.414,-0.155,-0.02,0.84,-0.188,0.552,-0.507,-0.617,"N","vowel","Feature_5",0.1
-4.049,2.223,-0.076,0.928,0.692,0.61,-0.931,-0.141,-1.087,-0.584,"N","vowel","Feature_5",0.1
-3.432,2.235,-0.753,0.361,0.435,0.37,-0.193,0.012,-1.166,0.794,"N","vowel","Feature_5",0.1
-3.661,0.3,0.53,1.816,0.333,0.51,-0.858,-0.732,-0.809,0.995,"P","vowel","Feature_5",0.1
-3.674,1.513,0.038,1.604,0.907,1.1,-0.166,-0.295,-1.13,0.594,"N","vowel","Feature_5",0.1
-3.242,1.615,-0.829,1.589,0.09,0.07,-0.504,-0.211,-0.513,1.005,"N","vowel","Feature_5",0.1
-2.634,2.076,-1.32,0.833,-0.547,0.26,-0.173,-0.203,-0.001,0.802,"N","vowel","Feature_5",0.1
-3.052,3.059,-1.668,-0.208,0.466,0.74,-0.237,-0.175,-0.315,0.411,"N","vowel","Feature_5",0.1
-2.918,2.897,-1.069,-0.077,-0.261,0.58,0.317,-0.322,-0.776,0.79,"N","vowel","Feature_5",0.1
-3.048,2.817,-0.703,-0.396,-0.639,0.95,0.674,0.686,-0.611,-0.053,"N","vowel","Feature_5",0.1
-3.66,3.618,-1.051,-0.748,0.08,0.9,0.914,0.613,0.023,-0.448,"N","vowel","Feature_5",0.1
-3.919,2.575,0.471,-0.064,-0.042,0.84,-0.128,0.612,-0.504,-0.539,"N","vowel","Feature_5",0.1
-4.094,2.499,-0.149,1.017,0.683,0.52,-1.023,-0.127,-1.142,-0.421,"N","vowel","Feature_5",0.1
-3.396,2.257,-0.602,0.407,0.204,0.33,0.067,0.044,-1.352,0.871,"N","vowel","Feature_5",0.1
-3.572,0.228,0.52,1.791,0.382,0.59,-0.961,-0.74,-0.936,1.007,"P","vowel","Feature_5",0.1
-3.584,1.252,-0.062,1.646,0.787,1.15,0.096,-0.292,-1.133,0.472,"N","vowel","Feature_5",0.1
-3.232,1.551,-0.832,1.674,-0.042,0.28,-0.553,-0.443,-0.413,0.96,"N","vowel","Feature_5",0.1
-2.643,2.021,-1.265,0.759,-0.442,0.13,-0.032,-0.145,-0.164,0.86,"N","vowel","Feature_5",0.1
-3.05,3.055,-1.598,-0.12,0.144,0.68,0.119,-0.397,-0.396,0.477,"N","vowel","Feature_5",0.1
-2.938,2.782,-1.111,-0.076,0,0.56,0.252,-0.4,-0.773,0.838,"N","vowel","Feature_5",0.1
-3.095,2.851,-0.816,-0.396,-0.603,1.05,0.567,0.743,-0.677,0.052,"N","vowel","Feature_5",0.1
-3.706,3.627,-0.889,-0.789,-0.093,1.28,0.814,0.563,0.062,-0.449,"N","vowel","Feature_5",0.1
-3.946,2.545,0.447,-0.001,0.043,0.74,-0.102,0.68,-0.637,-0.545,"N","vowel","Feature_5",0.1
-4.145,2.739,-0.115,0.907,0.669,0.46,-1.183,-0.24,-0.887,-0.365,"N","vowel","Feature_5",0.1
-3.325,2.141,-0.528,0.439,0.099,0.28,0.217,0.135,-1.388,0.746,"N","vowel","Feature_5",0.1
-3.461,0.04,0.553,1.854,0.386,0.64,-1.003,-0.638,-1.04,1.051,"P","vowel","Feature_5",0.1
-3.546,1.064,-0.006,1.455,0.847,1.11,0.073,-0.025,-1.318,0.557,"N","vowel","Feature_5",0.1
-3.32,1.553,-0.586,1.688,-0.262,0.44,-0.478,-0.461,-0.522,0.929,"N","vowel","Feature_5",0.1
-2.71,1.943,-1.247,0.772,-0.345,0.09,-0.062,0.04,-0.322,1.018,"N","vowel","Feature_5",0.1
-3.018,3.014,-1.486,-0.105,-0.131,0.98,0.226,-0.463,-0.555,0.598,"N","vowel","Feature_5",0.1
-2.904,2.741,-1.123,0.014,0.071,0.68,0.212,-0.454,-0.815,0.752,"N","vowel","Feature_5",0.1
-3.176,2.997,-1.098,-0.371,-0.418,1.34,0.48,0.472,-0.814,0.106,"N","vowel","Feature_5",0.1
-3.743,3.629,-0.874,-0.79,-0.312,1.83,0.679,0.565,-0.521,-0.485,"N","vowel","Feature_5",0.1
-3.952,2.489,0.287,0.012,0.141,0.92,-0.087,0.613,-0.685,-0.623,"N","vowel","Feature_5",0.1
-4.211,2.811,0.016,0.799,0.514,0.5,-1.219,-0.238,-0.798,-0.392,"N","vowel","Feature_5",0.1
-3.309,2.256,-0.615,0.365,0.251,0.45,0.011,0.119,-1.219,0.695,"N","vowel","Feature_5",0.1
-3.5,0.068,0.533,1.876,0.363,0.55,-0.982,-0.671,-1.006,1.101,"P","vowel","Feature_5",0.1
-3.62,1.066,0.158,1.393,0.879,1.05,-0.09,0.087,-1.333,0.585,"N","vowel","Feature_5",0.1
-3.468,1.81,-0.39,1.55,-0.084,-0.01,-0.482,-0.231,-0.724,0.967,"N","vowel","Feature_5",0.1
-2.795,1.957,-1.259,0.79,-0.274,0.12,-0.114,0.005,-0.309,1.142,"N","vowel","Feature_5",0.1
-3.002,2.944,-1.379,-0.188,-0.131,0.94,0.346,-0.392,-0.711,0.617,"N","vowel","Feature_5",0.1
-2.924,2.731,-1.138,0.066,0.1,0.74,0.162,-0.399,-0.882,0.827,"N","vowel","Feature_5",0.1
-3.239,3.083,-1.427,-0.202,-0.282,1.52,0.576,0.068,-0.914,0.147,"N","vowel","Feature_5",0.1
-3.753,3.605,-0.899,-0.747,-0.401,1.73,0.62,0.754,-0.835,-0.301,"N","vowel","Feature_5",0.1
-3.98,2.459,0.068,0.023,0.237,1.02,-0.189,0.521,-0.773,-0.5,"N","vowel","Feature_5",0.1
-4.264,2.925,0.065,0.794,0.323,0.58,-1.282,-0.14,-0.863,-0.39,"N","vowel","Feature_5",0.1
-3.291,2.324,-0.679,0.285,0.441,0.6,-0.227,0.115,-1.046,0.697,"N","vowel","Feature_5",0.1
